{"time":"2026-07-28T08:01:57.129762+05:30","level":"INFO","msg":"server started","address":":8080"}
{"time":"2026-07-28T08:01:59.483133+05:30","level":"INFO","msg":"http request completed","request_id":"9341bc2d909323018b35eb943f9e8439","method":"GET","path":"/login","status":200,"bytes":602,"duration_ms":0,"remote_ip":"::1"}
{"time":"2026-07-28T08:02:00.319042+05:30","level":"INFO","msg":"http request completed","request_id":"a148f0ca2d3c1f6a7b815715a0293429","method":"GET","path":"/login","status":200,"bytes":602,"duration_ms":0,"remote_ip":"::1"}
{"time":"2026-07-28T08:02:00.319071+05:30","level":"INFO","msg":"http request completed","request_id":"68954fb52ddff72c3c57d7de345658a0","method":"GET","path":"/login","status":200,"bytes":602,"duration_ms":0,"remote_ip":"::1"}
{"time":"2026-07-28T08:02:00.319094+05:30","level":"INFO","msg":"http request completed","request_id":"a5193853de3c57acdede60ba00871f89","method":"GET","path":"/login","status":200,"bytes":602,"duration_ms":0,"remote_ip":"::1"}
{"time":"2026-07-28T08:02:00.319048+05:30","level":"INFO","msg":"http request completed","request_id":"1f05409dcd0a4841a455bedb95fc87ea","method":"GET","path":"/login","status":200,"bytes":602,"duration_ms":0,"remote_ip":"::1"}
{"time":"2026-07-28T08:02:00.323978+05:30","level":"INFO","msg":"http request completed","request_id":"65af95b1b34bb9e4eb8d650b1fb54c9d","method":"GET","path":"/static/fervid-ds.css","status":200,"bytes":93946,"duration_ms":1,"remote_ip":"::1"}
{"time":"2026-07-28T08:02:00.323977+05:30","level":"INFO","msg":"http request completed","request_id":"7263e1f9c23c0fea9cb42a937a0eb1b7","method":"GET","path":"/static/fervid-ds.css","status":200,"bytes":93946,"duration_ms":1,"remote_ip":"::1"}
{"time":"2026-07-28T08:02:00.323982+05:30","level":"INFO","msg":"http request completed","request_id":"614cafad4ad60c42f256f412f45da7e9","method":"GET","path":"/static/fervid-ds.css","status":200,"bytes":93946,"duration_ms":1,"remote_ip":"::1"}
{"time":"2026-07-28T08:02:00.323986+05:30","level":"INFO","msg":"http request completed","request_id":"84749f75340e0c0894b6e77cea820101","method":"GET","path":"/static/fervid-ds.css","status":200,"bytes":93946,"duration_ms":1,"remote_ip":"::1"}
{"time":"2026-07-28T08:02:00.32695+05:30","level":"INFO","msg":"http request completed","request_id":"0dc3d107a41831183d01e4233e158117","method":"GET","path":"/static/fervid-logo.svg","status":200,"bytes":11187,"duration_ms":0,"remote_ip":"::1"}
{"time":"2026-07-28T08:02:00.32695+05:30","level":"INFO","msg":"http request completed","request_id":"813e334866dc0b98efe0ffbb23968c59","method":"GET","path":"/static/fervid-logo.svg","status":200,"bytes":11187,"duration_ms":0,"remote_ip":"::1"}
{"time":"2026-07-28T08:02:00.32695+05:30","level":"INFO","msg":"http request completed","request_id":"b8f45ef191d0086d8a5dc2cf72d13148","method":"GET","path":"/static/fervid-logo.svg","status":200,"bytes":11187,"duration_ms":0,"remote_ip":"::1"}
{"time":"2026-07-28T08:02:00.326953+05:30","level":"INFO","msg":"http request completed","request_id":"3626e4867f10b271d11e1f954ff3afed","method":"GET","path":"/static/fervid-logo.svg","status":200,"bytes":11187,"duration_ms":0,"remote_ip":"::1"}
{"time":"2026-07-28T08:02:00.50588+05:30","level":"INFO","msg":"http request completed","request_id":"6934d3ddc82393e8bfd870e862775f24","method":"POST","path":"/login","status":303,"bytes":0,"duration_ms":52,"remote_ip":"::1"}
{"time":"2026-07-28T08:02:00.506143+05:30","level":"INFO","msg":"http request completed","request_id":"90c6b7975dda714b435f6e000bb6baba","method":"POST","path":"/login","status":303,"bytes":0,"duration_ms":53,"remote_ip":"::1"}
{"time":"2026-07-28T08:02:00.506886+05:30","level":"INFO","msg":"http request completed","request_id":"64468fa50eb32e6ac38db3da23ae112d","method":"POST","path":"/login","status":303,"bytes":0,"duration_ms":54,"remote_ip":"::1"}
{"time":"2026-07-28T08:02:00.510261+05:30","level":"INFO","msg":"http request completed","request_id":"c267dbbe807325d3a9f7d718fff1053d","method":"GET","path":"/","status":200,"bytes":7278,"duration_ms":2,"remote_ip":"::1"}
{"time":"2026-07-28T08:02:00.510262+05:30","level":"INFO","msg":"http request completed","request_id":"2b421dfe5a748341f14fd5c6756abcf3","method":"GET","path":"/","status":200,"bytes":8202,"duration_ms":3,"remote_ip":"::1"}
{"time":"2026-07-28T08:02:00.512727+05:30","level":"INFO","msg":"http request completed","request_id":"f2480c2c4ae0f03591c870c6f53846ab","method":"GET","path":"/static/htmx.min.js","status":200,"bytes":51007,"duration_ms":0,"remote_ip":"::1"}
{"time":"2026-07-28T08:02:00.512729+05:30","level":"INFO","msg":"http request completed","request_id":"cbf1d3614a5f56ef18733c91b8f8d73f","method":"GET","path":"/static/htmx.min.js","status":200,"bytes":51007,"duration_ms":0,"remote_ip":"::1"}
{"time":"2026-07-28T08:02:00.513145+05:30","level":"INFO","msg":"http request completed","request_id":"9373dd6830d769168b24d8bc93ff2d18","method":"POST","path":"/login","status":303,"bytes":0,"duration_ms":52,"remote_ip":"::1"}
{"time":"2026-07-28T08:02:00.513956+05:30","level":"INFO","msg":"http request completed","request_id":"7777df0c1d24aa78fd836c1b3d045807","method":"GET","path":"/static/fervid-app.js","status":200,"bytes":20325,"duration_ms":1,"remote_ip":"::1"}
{"time":"2026-07-28T08:02:00.51397+05:30","level":"INFO","msg":"http request completed","request_id":"7e3f45297d818e6144e61ba7ff076b9d","method":"GET","path":"/static/fervid-app.js","status":200,"bytes":20325,"duration_ms":1,"remote_ip":"::1"}
{"time":"2026-07-28T08:02:00.515827+05:30","level":"INFO","msg":"http request completed","request_id":"94f8fba1885c42029d65e62e396365df","method":"GET","path":"/","status":200,"bytes":11130,"duration_ms":9,"remote_ip":"::1"}
{"time":"2026-07-28T08:02:00.518056+05:30","level":"INFO","msg":"http request completed","request_id":"1db01a369a8056dc702022ac96377669","method":"GET","path":"/static/htmx.min.js","status":200,"bytes":51007,"duration_ms":0,"remote_ip":"::1"}
{"time":"2026-07-28T08:02:00.518625+05:30","level":"INFO","msg":"http request completed","request_id":"cc8096c09650fbc879da5bec00c03b26","method":"GET","path":"/static/fervid-app.js","status":200,"bytes":20325,"duration_ms":0,"remote_ip":"::1"}
{"time":"2026-07-28T08:02:00.51962+05:30","level":"INFO","msg":"http request completed","request_id":"e1f3c5072ad20dac9383e1d82030f495","method":"GET","path":"/","status":200,"bytes":7582,"duration_ms":5,"remote_ip":"::1"}
{"time":"2026-07-28T08:02:00.521789+05:30","level":"INFO","msg":"http request completed","request_id":"d7b98887591eb5ce12c12515cfd830e1","method":"GET","path":"/static/htmx.min.js","status":200,"bytes":51007,"duration_ms":0,"remote_ip":"::1"}
{"time":"2026-07-28T08:02:00.521814+05:30","level":"INFO","msg":"http request completed","request_id":"d271c2482d4810f0c8d8e0aa6efdaf34","method":"GET","path":"/static/fervid-app.js","status":200,"bytes":20325,"duration_ms":0,"remote_ip":"::1"}
{"time":"2026-07-28T08:02:00.550075+05:30","level":"INFO","msg":"http request completed","request_id":"0b078802cad382071031242fe63121dd","method":"GET","path":"/","status":200,"bytes":8202,"duration_ms":2,"remote_ip":"::1"}
{"time":"2026-07-28T08:02:00.55034+05:30","level":"INFO","msg":"http request completed","request_id":"1cb854784f9254ce7555c5e1d3766f36","method":"GET","path":"/","status":200,"bytes":7278,"duration_ms":2,"remote_ip":"::1"}
{"time":"2026-07-28T08:02:00.5557+05:30","level":"INFO","msg":"http request completed","request_id":"355bbccfa52286ae25cf34fb473bd981","method":"GET","path":"/","status":200,"bytes":11130,"duration_ms":5,"remote_ip":"::1"}
{"time":"2026-07-28T08:02:00.556539+05:30","level":"INFO","msg":"http request completed","request_id":"3b81ac59d5dd8c18a5820a7cfaa5f6d6","method":"GET","path":"/","status":200,"bytes":7582,"duration_ms":6,"remote_ip":"::1"}
{"time":"2026-07-28T08:07:29.556178+05:30","level":"INFO","msg":"http request completed","request_id":"c211045b80b567622db06afa6ded8204","method":"GET","path":"/login","status":200,"bytes":602,"duration_ms":0,"remote_ip":"::1"}
{"time":"2026-07-28T08:07:29.559786+05:30","level":"INFO","msg":"http request completed","request_id":"1a910d1844c38c30cd33d9cff2e75828","method":"GET","path":"/static/fervid-ds.css","status":200,"bytes":93946,"duration_ms":0,"remote_ip":"::1"}
{"time":"2026-07-28T08:07:29.562688+05:30","level":"INFO","msg":"http request completed","request_id":"235d90ed2db8867f27b2da0e00da960c","method":"GET","path":"/static/fervid-logo.svg","status":200,"bytes":11187,"duration_ms":0,"remote_ip":"::1"}
{"time":"2026-07-28T08:07:29.70687+05:30","level":"INFO","msg":"http request completed","request_id":"b5a3ce69ecbb07518ff45b7dd0fbcd8f","method":"POST","path":"/login","status":303,"bytes":0,"duration_ms":55,"remote_ip":"::1"}
{"time":"2026-07-28T08:07:29.711163+05:30","level":"INFO","msg":"http request completed","request_id":"e37967ccca5ed25576c5fd1bea8b1af2","method":"GET","path":"/","status":200,"bytes":7278,"duration_ms":3,"remote_ip":"::1"}
{"time":"2026-07-28T08:07:29.713856+05:30","level":"INFO","msg":"http request completed","request_id":"48ae23fe8bcdf65967cb9a2b6391a625","method":"GET","path":"/static/fervid-app.js","status":200,"bytes":20325,"duration_ms":0,"remote_ip":"::1"}
{"time":"2026-07-28T08:07:29.71416+05:30","level":"INFO","msg":"http request completed","request_id":"75aa16b754d794b1301ba61c8845c1c3","method":"GET","path":"/static/htmx.min.js","status":200,"bytes":51007,"duration_ms":0,"remote_ip":"::1"}
{"time":"2026-07-28T08:07:29.751026+05:30","level":"INFO","msg":"http request completed","request_id":"6464ec52671cfc3370685d07543b614d","method":"GET","path":"/requests/new","status":200,"bytes":27336,"duration_ms":2,"remote_ip":"::1"}
{"time":"2026-07-28T08:08:48.830034+05:30","level":"INFO","msg":"http request completed","request_id":"1f4ded288eab9115e522a7b8dafa228a","method":"GET","path":"/login","status":200,"bytes":602,"duration_ms":0,"remote_ip":"::1"}
{"time":"2026-07-28T08:08:48.831678+05:30","level":"INFO","msg":"http request completed","request_id":"4a746a3662ec3544301b5c98721e3f37","method":"GET","path":"/static/fervid-ds.css","status":200,"bytes":93946,"duration_ms":0,"remote_ip":"::1"}
{"time":"2026-07-28T08:08:48.833649+05:30","level":"INFO","msg":"http request completed","request_id":"8a9d8801be7553dc7449dcf2dcefc6f4","method":"GET","path":"/static/fervid-logo.svg","status":200,"bytes":11187,"duration_ms":0,"remote_ip":"::1"}
{"time":"2026-07-28T08:08:48.949191+05:30","level":"INFO","msg":"http request completed","request_id":"24b0c70524c9d027cbdf61c9db5c4ae8","method":"POST","path":"/login","status":303,"bytes":0,"duration_ms":50,"remote_ip":"::1"}
{"time":"2026-07-28T08:08:48.950977+05:30","level":"INFO","msg":"http request completed","request_id":"98cb4586ea2b980b903bf8a15b049c98","method":"GET","path":"/","status":200,"bytes":7278,"duration_ms":1,"remote_ip":"::1"}
{"time":"2026-07-28T08:08:48.952653+05:30","level":"INFO","msg":"http request completed","request_id":"308dab02c10fe1be733f16f25954942c","method":"GET","path":"/static/htmx.min.js","status":200,"bytes":51007,"duration_ms":0,"remote_ip":"::1"}
{"time":"2026-07-28T08:08:48.952735+05:30","level":"INFO","msg":"http request completed","request_id":"44599694ef8a5996234b4e420ba96d8c","method":"GET","path":"/static/fervid-app.js","status":200,"bytes":20325,"duration_ms":0,"remote_ip":"::1"}
{"time":"2026-07-28T08:08:48.980835+05:30","level":"INFO","msg":"http request completed","request_id":"3240d76ab71055e11ca0add85d106411","method":"GET","path":"/requests/new","status":200,"bytes":27336,"duration_ms":2,"remote_ip":"::1"}
{"time":"2026-07-28T08:08:49.001663+05:30","level":"WARN","msg":"http request completed","request_id":"854297b9e65ec588daa5719357204107","method":"POST","path":"/requests","status":400,"bytes":27414,"duration_ms":1,"remote_ip":"::1"}
{"time":"2026-07-28T08:11:23.786582+05:30","level":"INFO","msg":"http request completed","request_id":"6ac0f23f7942b51bef3438b7326b9069","method":"GET","path":"/login","status":200,"bytes":602,"duration_ms":0,"remote_ip":"::1"}
{"time":"2026-07-28T08:11:23.789312+05:30","level":"INFO","msg":"http request completed","request_id":"2f8ed226f319794aae25629c470e189e","method":"GET","path":"/login","status":200,"bytes":602,"duration_ms":0,"remote_ip":"::1"}
{"time":"2026-07-28T08:11:23.789924+05:30","level":"INFO","msg":"http request completed","request_id":"00c939483c28f6201c5796ee3303c87e","method":"GET","path":"/static/fervid-ds.css","status":200,"bytes":93946,"duration_ms":0,"remote_ip":"::1"}
{"time":"2026-07-28T08:11:23.791734+05:30","level":"INFO","msg":"http request completed","request_id":"a0ccc2a5a9db9ae558914f771d598a2a","method":"GET","path":"/static/fervid-ds.css","status":200,"bytes":93946,"duration_ms":0,"remote_ip":"::1"}
{"time":"2026-07-28T08:11:23.791987+05:30","level":"INFO","msg":"http request completed","request_id":"b7f77d4db59886e6682469a3e78d0bd8","method":"GET","path":"/static/fervid-logo.svg","status":200,"bytes":11187,"duration_ms":0,"remote_ip":"::1"}
{"time":"2026-07-28T08:11:23.793708+05:30","level":"INFO","msg":"http request completed","request_id":"7f7815712224618765f7a7759ef88b7e","method":"GET","path":"/static/fervid-logo.svg","status":200,"bytes":11187,"duration_ms":0,"remote_ip":"::1"}
{"time":"2026-07-28T08:11:23.799958+05:30","level":"INFO","msg":"http request completed","request_id":"159a5e367d6b57f48ceae6a087f3bb8b","method":"GET","path":"/login","status":200,"bytes":602,"duration_ms":0,"remote_ip":"::1"}
{"time":"2026-07-28T08:11:23.802098+05:30","level":"INFO","msg":"http request completed","request_id":"410121f2b6f7ada28fa0d89e459a19a9","method":"GET","path":"/static/fervid-ds.css","status":200,"bytes":93946,"duration_ms":0,"remote_ip":"::1"}
{"time":"2026-07-28T08:11:23.804118+05:30","level":"INFO","msg":"http request completed","request_id":"bc774393f0d83e80eee6bb170482112c","method":"GET","path":"/static/fervid-logo.svg","status":200,"bytes":11187,"duration_ms":0,"remote_ip":"::1"}
{"time":"2026-07-28T08:11:23.806476+05:30","level":"INFO","msg":"http request completed","request_id":"980da4ae50013395815286bcc9ce9369","method":"GET","path":"/login","status":200,"bytes":602,"duration_ms":0,"remote_ip":"::1"}
{"time":"2026-07-28T08:11:23.808592+05:30","level":"INFO","msg":"http request completed","request_id":"072d092e2e1cf0abd1703a487c79d0a5","method":"GET","path":"/static/fervid-ds.css","status":200,"bytes":93946,"duration_ms":0,"remote_ip":"::1"}
{"time":"2026-07-28T08:11:23.810795+05:30","level":"INFO","msg":"http request completed","request_id":"7367dc903ac1685384164b1b9c17ae3e","method":"GET","path":"/static/fervid-logo.svg","status":200,"bytes":11187,"duration_ms":0,"remote_ip":"::1"}
{"time":"2026-07-28T08:11:24.001647+05:30","level":"INFO","msg":"http request completed","request_id":"54f0ab5ae60d9ecfab50b49369f10810","method":"POST","path":"/login","status":303,"bytes":0,"duration_ms":54,"remote_ip":"::1"}
{"time":"2026-07-28T08:11:24.004968+05:30","level":"INFO","msg":"http request completed","request_id":"6bc0abbf6a49a2984127413f763f50bf","method":"GET","path":"/","status":200,"bytes":7278,"duration_ms":2,"remote_ip":"::1"}
{"time":"2026-07-28T08:11:24.005772+05:30","level":"INFO","msg":"http request completed","request_id":"f64673b44234944b4f84e246b05454aa","method":"POST","path":"/login","status":303,"bytes":0,"duration_ms":58,"remote_ip":"::1"}
{"time":"2026-07-28T08:11:24.006319+05:30","level":"INFO","msg":"http request completed","request_id":"9fb27aecd5aa034d1931d7925ea4c838","method":"POST","path":"/login","status":303,"bytes":0,"duration_ms":54,"remote_ip":"::1"}
{"time":"2026-07-28T08:11:24.00932+05:30","level":"INFO","msg":"http request completed","request_id":"d7e1c79ca03700f217f9ae644b53c43a","method":"POST","path":"/login","status":303,"bytes":0,"duration_ms":60,"remote_ip":"::1"}
{"time":"2026-07-28T08:11:24.009938+05:30","level":"INFO","msg":"http request completed","request_id":"5ef8c41c9d75f9b1716a3045f81b4c3f","method":"GET","path":"/static/fervid-app.js","status":200,"bytes":20325,"duration_ms":2,"remote_ip":"::1"}
{"time":"2026-07-28T08:11:24.014876+05:30","level":"INFO","msg":"http request completed","request_id":"76416489d8863577550cf1b52fc7b004","method":"GET","path":"/","status":200,"bytes":7278,"duration_ms":4,"remote_ip":"::1"}
{"time":"2026-07-28T08:11:24.015993+05:30","level":"INFO","msg":"http request completed","request_id":"3639abf1b5ecc6b65f3b61d68befc021","method":"GET","path":"/static/htmx.min.js","status":200,"bytes":51007,"duration_ms":8,"remote_ip":"::1"}
{"time":"2026-07-28T08:11:24.017962+05:30","level":"INFO","msg":"http request completed","request_id":"20f6e40cadd4bcd231c7d2f60bd80a17","method":"GET","path":"/static/htmx.min.js","status":200,"bytes":51007,"duration_ms":0,"remote_ip":"::1"}
{"time":"2026-07-28T08:11:24.018871+05:30","level":"INFO","msg":"http request completed","request_id":"7b77a3be0422513922eb6751083f85ac","method":"GET","path":"/","status":200,"bytes":7278,"duration_ms":11,"remote_ip":"::1"}
{"time":"2026-07-28T08:11:24.021627+05:30","level":"INFO","msg":"http request completed","request_id":"cee44ac5406fe04c67ed0275f5ea3244","method":"GET","path":"/static/fervid-app.js","status":200,"bytes":20325,"duration_ms":0,"remote_ip":"::1"}
{"time":"2026-07-28T08:11:24.021876+05:30","level":"INFO","msg":"http request completed","request_id":"6853a2672a0b65c51e5f7edc4e6fa0e3","method":"GET","path":"/","status":200,"bytes":8202,"duration_ms":14,"remote_ip":"::1"}
{"time":"2026-07-28T08:11:24.021935+05:30","level":"INFO","msg":"http request completed","request_id":"f7fa13bfb00f449a3ba22a2ebe1aaf0a","method":"GET","path":"/static/htmx.min.js","status":200,"bytes":51007,"duration_ms":0,"remote_ip":"::1"}
{"time":"2026-07-28T08:11:24.024094+05:30","level":"INFO","msg":"http request completed","request_id":"ab83153b4f85603533af2ae0833b16e2","method":"GET","path":"/static/fervid-app.js","status":200,"bytes":20325,"duration_ms":6,"remote_ip":"::1"}
{"time":"2026-07-28T08:11:24.024553+05:30","level":"INFO","msg":"http request completed","request_id":"eb29c38a8971bb460795f0974b13ebd5","method":"GET","path":"/static/htmx.min.js","status":200,"bytes":51007,"duration_ms":0,"remote_ip":"::1"}
{"time":"2026-07-28T08:11:24.024563+05:30","level":"INFO","msg":"http request completed","request_id":"cc676ca4a0895f2ee9096994e78e6162","method":"GET","path":"/static/fervid-app.js","status":200,"bytes":20325,"duration_ms":0,"remote_ip":"::1"}
{"time":"2026-07-28T08:11:24.054467+05:30","level":"INFO","msg":"http request completed","request_id":"324560cb48dbe4a9f4ff5a9f1a690511","method":"GET","path":"/","status":200,"bytes":7278,"duration_ms":1,"remote_ip":"::1"}
{"time":"2026-07-28T08:11:24.058833+05:30","level":"INFO","msg":"http request completed","request_id":"ed10237de8eae1d9c9b12f224638637f","method":"GET","path":"/login","status":200,"bytes":602,"duration_ms":0,"remote_ip":"::1"}
{"time":"2026-07-28T08:11:24.071304+05:30","level":"INFO","msg":"http request completed","request_id":"0f28e16d4f777c6c49e2db2f5682c72f","method":"GET","path":"/","status":200,"bytes":8202,"duration_ms":3,"remote_ip":"::1"}
{"time":"2026-07-28T08:11:24.07289+05:30","level":"INFO","msg":"http request completed","request_id":"063ed7a0f4809d1b0ccdbb05f1942088","method":"GET","path":"/login","status":200,"bytes":602,"duration_ms":0,"remote_ip":"::1"}
{"time":"2026-07-28T08:11:24.136565+05:30","level":"INFO","msg":"http request completed","request_id":"42411f8eea1d73be20173455fb60883c","method":"POST","path":"/login","status":200,"bytes":693,"duration_ms":0,"remote_ip":"::1"}
{"time":"2026-07-28T08:11:24.933571+05:30","level":"INFO","msg":"http request completed","request_id":"992d27da146b5a8332d3ab0a3195a6c2","method":"GET","path":"/login","status":200,"bytes":602,"duration_ms":0,"remote_ip":"::1"}
{"time":"2026-07-28T08:11:24.936212+05:30","level":"INFO","msg":"http request completed","request_id":"eae494bd68aecb59e5f66dff6bbcd5e8","method":"GET","path":"/static/fervid-ds.css","status":200,"bytes":93946,"duration_ms":0,"remote_ip":"::1"}
{"time":"2026-07-28T08:11:24.938971+05:30","level":"INFO","msg":"http request completed","request_id":"4e69b661b2ccb98222c7a8fb03cb375c","method":"GET","path":"/static/fervid-logo.svg","status":200,"bytes":11187,"duration_ms":0,"remote_ip":"::1"}
{"time":"2026-07-28T08:11:25.011184+05:30","level":"INFO","msg":"http request completed","request_id":"9efba0fb451a2999f410ea7326f8f8e3","method":"GET","path":"/login","status":200,"bytes":602,"duration_ms":0,"remote_ip":"::1"}
{"time":"2026-07-28T08:11:25.013783+05:30","level":"INFO","msg":"http request completed","request_id":"4d7872b742d330be08bc6537ef1ee762","method":"GET","path":"/static/fervid-ds.css","status":200,"bytes":93946,"duration_ms":0,"remote_ip":"::1"}
{"time":"2026-07-28T08:11:25.015635+05:30","level":"INFO","msg":"http request completed","request_id":"52f014699cafc239ea28f98761f1f45e","method":"GET","path":"/static/fervid-logo.svg","status":200,"bytes":11187,"duration_ms":0,"remote_ip":"::1"}
{"time":"2026-07-28T08:11:25.025671+05:30","level":"INFO","msg":"http request completed","request_id":"cda6e506ee50e1fc1dd1b0cc18c59f4e","method":"GET","path":"/login","status":200,"bytes":602,"duration_ms":0,"remote_ip":"::1"}
{"time":"2026-07-28T08:11:25.027954+05:30","level":"INFO","msg":"http request completed","request_id":"73b70b3a21d12157676c9cfe8e5e12d1","method":"GET","path":"/static/fervid-ds.css","status":200,"bytes":93946,"duration_ms":0,"remote_ip":"::1"}
{"time":"2026-07-28T08:11:25.030308+05:30","level":"INFO","msg":"http request completed","request_id":"934266cc11ed05a9a04f202c5aa7579b","method":"GET","path":"/static/fervid-logo.svg","status":200,"bytes":11187,"duration_ms":0,"remote_ip":"::1"}
{"time":"2026-07-28T08:11:25.126508+05:30","level":"INFO","msg":"http request completed","request_id":"d715f311a73a8ffdb99724a7926dd148","method":"GET","path":"/login","status":200,"bytes":602,"duration_ms":0,"remote_ip":"::1"}
{"time":"2026-07-28T08:11:25.128568+05:30","level":"INFO","msg":"http request completed","request_id":"a514cbec87f0c3f48d28541bab4c7ac5","method":"GET","path":"/static/fervid-ds.css","status":200,"bytes":93946,"duration_ms":0,"remote_ip":"::1"}
{"time":"2026-07-28T08:11:25.130987+05:30","level":"INFO","msg":"http request completed","request_id":"964ade3c97f53a3d6a18899095e76799","method":"GET","path":"/static/fervid-logo.svg","status":200,"bytes":11187,"duration_ms":0,"remote_ip":"::1"}
{"time":"2026-07-28T08:11:25.133247+05:30","level":"INFO","msg":"http request completed","request_id":"8e601ad8c5f683a56007d174bab8f4d1","method":"POST","path":"/login","status":303,"bytes":0,"duration_ms":87,"remote_ip":"::1"}
{"time":"2026-07-28T08:11:25.142891+05:30","level":"INFO","msg":"http request completed","request_id":"e9839bafc6d9d00f54d50c20eeeaaa1a","method":"GET","path":"/","status":200,"bytes":7582,"duration_ms":8,"remote_ip":"::1"}
{"time":"2026-07-28T08:11:25.145322+05:30","level":"INFO","msg":"http request completed","request_id":"b127db3acc21e41b1b41472296c64e54","method":"GET","path":"/static/fervid-app.js","status":200,"bytes":20325,"duration_ms":0,"remote_ip":"::1"}
{"time":"2026-07-28T08:11:25.145326+05:30","level":"INFO","msg":"http request completed","request_id":"2c1441ccd6e6fc109570c31f42b3d252","method":"GET","path":"/static/htmx.min.js","status":200,"bytes":51007,"duration_ms":0,"remote_ip":"::1"}
{"time":"2026-07-28T08:11:25.180647+05:30","level":"INFO","msg":"http request completed","request_id":"1e227a2f398ebe7965fb955dc3e04e96","method":"GET","path":"/","status":200,"bytes":7582,"duration_ms":2,"remote_ip":"::1"}
{"time":"2026-07-28T08:11:25.218109+05:30","level":"INFO","msg":"http request completed","request_id":"6fd588a0e9b58f95127cffd4ad1e16d0","method":"POST","path":"/login","status":303,"bytes":0,"duration_ms":62,"remote_ip":"::1"}
{"time":"2026-07-28T08:11:25.220253+05:30","level":"INFO","msg":"http request completed","request_id":"405ba21d67897435999714f480831c51","method":"GET","path":"/","status":200,"bytes":8202,"duration_ms":1,"remote_ip":"::1"}
{"time":"2026-07-28T08:11:25.222571+05:30","level":"INFO","msg":"http request completed","request_id":"076c232c2117aae9d761136c03faaab7","method":"GET","path":"/static/fervid-app.js","status":200,"bytes":20325,"duration_ms":0,"remote_ip":"::1"}
{"time":"2026-07-28T08:11:25.222692+05:30","level":"INFO","msg":"http request completed","request_id":"85107331618a140c89c4b40e654a6b58","method":"GET","path":"/static/htmx.min.js","status":200,"bytes":51007,"duration_ms":0,"remote_ip":"::1"}
{"time":"2026-07-28T08:11:25.238359+05:30","level":"INFO","msg":"http request completed","request_id":"cdc7d4cf29e8959d91ddd5fc2059b3bf","method":"POST","path":"/login","status":303,"bytes":0,"duration_ms":51,"remote_ip":"::1"}
{"time":"2026-07-28T08:11:25.249402+05:30","level":"INFO","msg":"http request completed","request_id":"8dd9cac7d9794ddee61b18a114409144","method":"GET","path":"/","status":200,"bytes":11130,"duration_ms":10,"remote_ip":"::1"}
{"time":"2026-07-28T08:11:25.252299+05:30","level":"INFO","msg":"http request completed","request_id":"d0d7f037a55bf95df1d18b54689ab229","method":"GET","path":"/static/fervid-app.js","status":200,"bytes":20325,"duration_ms":0,"remote_ip":"::1"}
{"time":"2026-07-28T08:11:25.253904+05:30","level":"INFO","msg":"http request completed","request_id":"f808138b90f7c6939f58cd1c5b142ef1","method":"GET","path":"/static/htmx.min.js","status":200,"bytes":51007,"duration_ms":2,"remote_ip":"::1"}
{"time":"2026-07-28T08:11:25.26439+05:30","level":"INFO","msg":"http request completed","request_id":"e3eefe8fc484ed1ff54d8a39b5ba9fb2","method":"GET","path":"/notifications","status":200,"bytes":43374,"duration_ms":9,"remote_ip":"::1"}
{"time":"2026-07-28T08:11:25.265852+05:30","level":"INFO","msg":"http request completed","request_id":"f6696e46e41ea144a9d7b04afc1eaf5b","method":"POST","path":"/login","status":303,"bytes":0,"duration_ms":54,"remote_ip":"::1"}
{"time":"2026-07-28T08:11:25.271904+05:30","level":"INFO","msg":"http request completed","request_id":"1e65f006ac7cebc585493eeaa7203070","method":"GET","path":"/","status":200,"bytes":11130,"duration_ms":4,"remote_ip":"::1"}
{"time":"2026-07-28T08:11:25.274429+05:30","level":"INFO","msg":"http request completed","request_id":"ffa1a65a1a1bd5aa98f3a28d9bad3944","method":"GET","path":"/static/fervid-app.js","status":200,"bytes":20325,"duration_ms":0,"remote_ip":"::1"}
{"time":"2026-07-28T08:11:25.274541+05:30","level":"INFO","msg":"http request completed","request_id":"daa7ffd40b9fef5496566008fc36c070","method":"GET","path":"/static/htmx.min.js","status":200,"bytes":51007,"duration_ms":0,"remote_ip":"::1"}
{"time":"2026-07-28T08:11:25.293293+05:30","level":"INFO","msg":"http request completed","request_id":"4b68a36c59ecfd8f7cd29833b340ee51","method":"GET","path":"/","status":200,"bytes":11130,"duration_ms":3,"remote_ip":"::1"}
{"time":"2026-07-28T08:11:25.313159+05:30","level":"INFO","msg":"http request completed","request_id":"bdaee3e5405752f30b3a39ebd487c34d","method":"GET","path":"/configuration","status":200,"bytes":23119,"duration_ms":2,"remote_ip":"::1"}
{"time":"2026-07-28T08:11:26.140457+05:30","level":"INFO","msg":"http request completed","request_id":"55b4055a86918c7fc441634b94092fd5","method":"GET","path":"/login","status":200,"bytes":602,"duration_ms":0,"remote_ip":"::1"}
{"time":"2026-07-28T08:11:26.142823+05:30","level":"INFO","msg":"http request completed","request_id":"4e60596adc662255c4f75ee71823ac76","method":"GET","path":"/static/fervid-ds.css","status":200,"bytes":93946,"duration_ms":0,"remote_ip":"::1"}
{"time":"2026-07-28T08:11:26.145297+05:30","level":"INFO","msg":"http request completed","request_id":"00801132b9e9ee7e90a2fd338618fa6a","method":"GET","path":"/static/fervid-logo.svg","status":200,"bytes":11187,"duration_ms":0,"remote_ip":"::1"}
{"time":"2026-07-28T08:11:26.271862+05:30","level":"INFO","msg":"http request completed","request_id":"0dae406b6249cb01e20ff93c1fde0055","method":"POST","path":"/login","status":303,"bytes":0,"duration_ms":51,"remote_ip":"::1"}
{"time":"2026-07-28T08:11:26.274008+05:30","level":"INFO","msg":"http request completed","request_id":"6ba006b50cd72d58e8ea9ae459a71b11","method":"GET","path":"/","status":200,"bytes":7278,"duration_ms":1,"remote_ip":"::1"}
{"time":"2026-07-28T08:11:26.276471+05:30","level":"INFO","msg":"http request completed","request_id":"3712ffb83857513b3627c080c1b66ac7","method":"GET","path":"/static/fervid-app.js","status":200,"bytes":20325,"duration_ms":0,"remote_ip":"::1"}
{"time":"2026-07-28T08:11:26.276581+05:30","level":"INFO","msg":"http request completed","request_id":"7c15348dd2e554fd7304f9741a3b24b8","method":"GET","path":"/static/htmx.min.js","status":200,"bytes":51007,"duration_ms":0,"remote_ip":"::1"}
{"time":"2026-07-28T08:11:26.310935+05:30","level":"INFO","msg":"http request completed","request_id":"2ee3a51fe9306f6cd3d6c6e4388d88e4","method":"GET","path":"/login","status":200,"bytes":602,"duration_ms":0,"remote_ip":"::1"}
{"time":"2026-07-28T08:11:26.313445+05:30","level":"INFO","msg":"http request completed","request_id":"153a70fa7e943550423c3542a4cf2263","method":"GET","path":"/static/fervid-ds.css","status":200,"bytes":93946,"duration_ms":0,"remote_ip":"::1"}
{"time":"2026-07-28T08:11:26.315457+05:30","level":"INFO","msg":"http request completed","request_id":"21fc11c1d358946790871b10070da677","method":"GET","path":"/static/fervid-logo.svg","status":200,"bytes":11187,"duration_ms":0,"remote_ip":"::1"}
{"time":"2026-07-28T08:11:26.324099+05:30","level":"WARN","msg":"request failed","request_id":"262b1138fc5cccc5d4ed9c79693c7628","method":"GET","path":"/requests/99999999","status":404,"error":"not found"}
{"time":"2026-07-28T08:11:26.324583+05:30","level":"WARN","msg":"http request completed","request_id":"262b1138fc5cccc5d4ed9c79693c7628","method":"GET","path":"/requests/99999999","status":404,"bytes":939,"duration_ms":0,"remote_ip":"::1"}
{"time":"2026-07-28T08:11:26.44078+05:30","level":"INFO","msg":"http request completed","request_id":"12aebb5734e1e7fd4b5c4d308a8d28b2","method":"GET","path":"/login","status":200,"bytes":602,"duration_ms":0,"remote_ip":"::1"}
{"time":"2026-07-28T08:11:26.44303+05:30","level":"INFO","msg":"http request completed","request_id":"8e38b95276ea25abef67d08da26cc77f","method":"GET","path":"/static/fervid-ds.css","status":200,"bytes":93946,"duration_ms":0,"remote_ip":"::1"}
{"time":"2026-07-28T08:11:26.446042+05:30","level":"INFO","msg":"http request completed","request_id":"c2a257d5bb54a169d18347ea93973ccd","method":"GET","path":"/static/fervid-logo.svg","status":200,"bytes":11187,"duration_ms":0,"remote_ip":"::1"}
{"time":"2026-07-28T08:11:26.466088+05:30","level":"INFO","msg":"http request completed","request_id":"7aed595203d476409a7f315722a95573","method":"POST","path":"/login","status":303,"bytes":0,"duration_ms":63,"remote_ip":"::1"}
{"time":"2026-07-28T08:11:26.469712+05:30","level":"INFO","msg":"http request completed","request_id":"fc1a0bd508664de390dc9c77cd24e344","method":"GET","path":"/","status":200,"bytes":7278,"duration_ms":2,"remote_ip":"::1"}
{"time":"2026-07-28T08:11:26.472224+05:30","level":"INFO","msg":"http request completed","request_id":"d871cbd580f0e9f257b0df33f7dcad69","method":"GET","path":"/static/htmx.min.js","status":200,"bytes":51007,"duration_ms":0,"remote_ip":"::1"}
{"time":"2026-07-28T08:11:26.472799+05:30","level":"INFO","msg":"http request completed","request_id":"44c53c7a3bc1518aa356dd08bdcf1d1f","method":"GET","path":"/static/fervid-app.js","status":200,"bytes":20325,"duration_ms":0,"remote_ip":"::1"}
{"time":"2026-07-28T08:11:26.504168+05:30","level":"WARN","msg":"http request completed","request_id":"ac7586f1ae02d0a3df5475357dc9aa56","method":"GET","path":"/grid","status":403,"bytes":954,"duration_ms":0,"remote_ip":"::1"}
{"time":"2026-07-28T08:11:26.597027+05:30","level":"INFO","msg":"http request completed","request_id":"72b87e9a17cc14f83f78204d6b09f820","method":"POST","path":"/login","status":303,"bytes":0,"duration_ms":51,"remote_ip":"::1"}
{"time":"2026-07-28T08:11:26.599559+05:30","level":"INFO","msg":"http request completed","request_id":"f23e0c7a1d9e3a5e51f0bdbde655a42f","method":"GET","path":"/","status":200,"bytes":7278,"duration_ms":1,"remote_ip":"::1"}
{"time":"2026-07-28T08:11:26.6024+05:30","level":"INFO","msg":"http request completed","request_id":"f1da7d30abfb0d985c0d5db6d805aa48","method":"GET","path":"/static/fervid-app.js","status":200,"bytes":20325,"duration_ms":0,"remote_ip":"::1"}
{"time":"2026-07-28T08:11:26.602423+05:30","level":"INFO","msg":"http request completed","request_id":"d8ee54020bc1a6dca18dd72fcf83d48a","method":"GET","path":"/static/htmx.min.js","status":200,"bytes":51007,"duration_ms":0,"remote_ip":"::1"}
{"time":"2026-07-28T08:11:26.614528+05:30","level":"INFO","msg":"http request completed","request_id":"addd26169b930fed1dbd1ceaf45b90a1","method":"GET","path":"/login","status":200,"bytes":602,"duration_ms":0,"remote_ip":"::1"}
{"time":"2026-07-28T08:11:26.61668+05:30","level":"INFO","msg":"http request completed","request_id":"7b7ea762041657889a622e83323108cf","method":"GET","path":"/static/fervid-ds.css","status":200,"bytes":93946,"duration_ms":0,"remote_ip":"::1"}
{"time":"2026-07-28T08:11:26.619216+05:30","level":"INFO","msg":"http request completed","request_id":"407f297f717558b018f95e14b3468063","method":"GET","path":"/static/fervid-logo.svg","status":200,"bytes":11187,"duration_ms":0,"remote_ip":"::1"}
{"time":"2026-07-28T08:11:26.639988+05:30","level":"INFO","msg":"http request completed","request_id":"488778f1fbe6cec03689974451baed12","method":"GET","path":"/requests","status":200,"bytes":16622,"duration_ms":1,"remote_ip":"::1"}
{"time":"2026-07-28T08:11:26.773036+05:30","level":"INFO","msg":"http request completed","request_id":"75c2db41af47d3c3c096b80c9f4d2e63","method":"POST","path":"/login","status":303,"bytes":0,"duration_ms":61,"remote_ip":"::1"}
{"time":"2026-07-28T08:11:26.775545+05:30","level":"INFO","msg":"http request completed","request_id":"7575be499dfce89d2b61c74593bc21f6","method":"GET","path":"/","status":200,"bytes":7278,"duration_ms":1,"remote_ip":"::1"}
{"time":"2026-07-28T08:11:26.778018+05:30","level":"INFO","msg":"http request completed","request_id":"21aaabad2f34eaea0370583f3ec2f072","method":"GET","path":"/static/fervid-app.js","status":200,"bytes":20325,"duration_ms":0,"remote_ip":"::1"}
{"time":"2026-07-28T08:11:26.778163+05:30","level":"INFO","msg":"http request completed","request_id":"4d43f421d24efd353ec60a54c3804b58","method":"GET","path":"/static/htmx.min.js","status":200,"bytes":51007,"duration_ms":0,"remote_ip":"::1"}
{"time":"2026-07-28T08:11:26.819711+05:30","level":"INFO","msg":"http request completed","request_id":"cfd083449c3b63cd2111a734a422ede8","method":"GET","path":"/requests","status":200,"bytes":9669,"duration_ms":1,"remote_ip":"::1"}
{"time":"2026-07-28T08:11:27.107229+05:30","level":"INFO","msg":"http request completed","request_id":"106435966d417900295866fdd7bab707","method":"GET","path":"/login","status":200,"bytes":602,"duration_ms":0,"remote_ip":"::1"}
{"time":"2026-07-28T08:11:27.111366+05:30","level":"INFO","msg":"http request completed","request_id":"efd7386b7622ea7b2d8cd9b9a754033d","method":"GET","path":"/static/fervid-ds.css","status":200,"bytes":93946,"duration_ms":0,"remote_ip":"::1"}
{"time":"2026-07-28T08:11:27.116499+05:30","level":"INFO","msg":"http request completed","request_id":"5d1fc00b6d3050a724b217bf79786836","method":"GET","path":"/static/fervid-logo.svg","status":200,"bytes":11187,"duration_ms":0,"remote_ip":"::1"}
{"time":"2026-07-28T08:11:27.215836+05:30","level":"INFO","msg":"http request completed","request_id":"47f69ab7f990cd030d8546448304da6d","method":"GET","path":"/login","status":200,"bytes":602,"duration_ms":0,"remote_ip":"::1"}
{"time":"2026-07-28T08:11:27.219579+05:30","level":"INFO","msg":"http request completed","request_id":"2bc069f972c5c8dc394f45af3b2f2a42","method":"GET","path":"/static/fervid-ds.css","status":200,"bytes":93946,"duration_ms":0,"remote_ip":"::1"}
{"time":"2026-07-28T08:11:27.22301+05:30","level":"INFO","msg":"http request completed","request_id":"e8f0e608100a8a9cff6ae35998c8f12a","method":"GET","path":"/static/fervid-logo.svg","status":200,"bytes":11187,"duration_ms":0,"remote_ip":"::1"}
{"time":"2026-07-28T08:11:27.260722+05:30","level":"INFO","msg":"http request completed","request_id":"9d18077704d59edeb32246695ec60559","method":"POST","path":"/login","status":303,"bytes":0,"duration_ms":55,"remote_ip":"::1"}
{"time":"2026-07-28T08:11:27.266344+05:30","level":"INFO","msg":"http request completed","request_id":"c607ab5c85899e02013b5b8c0532b69b","method":"GET","path":"/","status":200,"bytes":7278,"duration_ms":4,"remote_ip":"::1"}
{"time":"2026-07-28T08:11:27.272231+05:30","level":"INFO","msg":"http request completed","request_id":"69444c7974e7c7d402e7f320f3dd7395","method":"GET","path":"/static/htmx.min.js","status":200,"bytes":51007,"duration_ms":0,"remote_ip":"::1"}
{"time":"2026-07-28T08:11:27.272713+05:30","level":"INFO","msg":"http request completed","request_id":"202d32a5b071addb21e11cad64355e2b","method":"GET","path":"/static/fervid-app.js","status":200,"bytes":20325,"duration_ms":1,"remote_ip":"::1"}
{"time":"2026-07-28T08:11:27.314498+05:30","level":"INFO","msg":"http request completed","request_id":"b1e1a735c59ea058015d075b511bfb01","method":"GET","path":"/requests","status":200,"bytes":11743,"duration_ms":1,"remote_ip":"::1"}
{"time":"2026-07-28T08:11:27.371807+05:30","level":"INFO","msg":"http request completed","request_id":"bfe97f126d4debeda84e378125206aa4","method":"POST","path":"/login","status":303,"bytes":0,"duration_ms":52,"remote_ip":"::1"}
{"time":"2026-07-28T08:11:27.375131+05:30","level":"INFO","msg":"http request completed","request_id":"f9ab45a309161b60271b3ddf66b6fc77","method":"GET","path":"/","status":200,"bytes":7278,"duration_ms":2,"remote_ip":"::1"}
{"time":"2026-07-28T08:11:27.378702+05:30","level":"INFO","msg":"http request completed","request_id":"9a8b917501c351d42a74af6cb09759e6","method":"GET","path":"/static/fervid-app.js","status":200,"bytes":20325,"duration_ms":0,"remote_ip":"::1"}
{"time":"2026-07-28T08:11:27.378785+05:30","level":"INFO","msg":"http request completed","request_id":"5809469792c51c54beb4531048401a1f","method":"GET","path":"/static/htmx.min.js","status":200,"bytes":51007,"duration_ms":0,"remote_ip":"::1"}
{"time":"2026-07-28T08:11:27.415121+05:30","level":"INFO","msg":"http request completed","request_id":"f346708164e83c8aee0626010260fd56","method":"GET","path":"/requests","status":200,"bytes":21609,"duration_ms":1,"remote_ip":"::1"}
{"time":"2026-07-28T08:11:27.802316+05:30","level":"INFO","msg":"http request completed","request_id":"f86ce857531a5f15d1fa22cce6069886","method":"GET","path":"/login","status":200,"bytes":602,"duration_ms":0,"remote_ip":"::1"}
{"time":"2026-07-28T08:11:27.804624+05:30","level":"INFO","msg":"http request completed","request_id":"8eb05414f39daf5d89a9a22b871bbf0d","method":"GET","path":"/static/fervid-ds.css","status":200,"bytes":93946,"duration_ms":0,"remote_ip":"::1"}
{"time":"2026-07-28T08:11:27.807545+05:30","level":"INFO","msg":"http request completed","request_id":"c1ffe69399b0ced197dafc38bbe35944","method":"GET","path":"/static/fervid-logo.svg","status":200,"bytes":11187,"duration_ms":0,"remote_ip":"::1"}
{"time":"2026-07-28T08:11:27.827341+05:30","level":"INFO","msg":"http request completed","request_id":"b295ff5cfaf5941e345af07a754bf020","method":"GET","path":"/login","status":200,"bytes":602,"duration_ms":0,"remote_ip":"::1"}
{"time":"2026-07-28T08:11:27.82969+05:30","level":"INFO","msg":"http request completed","request_id":"3bdad74263e40b26e81a74dda9c756a3","method":"GET","path":"/static/fervid-ds.css","status":200,"bytes":93946,"duration_ms":0,"remote_ip":"::1"}
{"time":"2026-07-28T08:11:27.832043+05:30","level":"INFO","msg":"http request completed","request_id":"a6aa6d4e6824ddb4583c3d1ffeb55088","method":"GET","path":"/static/fervid-logo.svg","status":200,"bytes":11187,"duration_ms":0,"remote_ip":"::1"}
{"time":"2026-07-28T08:11:27.97472+05:30","level":"INFO","msg":"http request completed","request_id":"51096e745c8b9e86a2e594caeeb03cda","method":"POST","path":"/login","status":303,"bytes":0,"duration_ms":55,"remote_ip":"::1"}
{"time":"2026-07-28T08:11:27.978193+05:30","level":"INFO","msg":"http request completed","request_id":"2f2723e9a4417cf6f21bca2622f9a882","method":"GET","path":"/","status":200,"bytes":7278,"duration_ms":2,"remote_ip":"::1"}
{"time":"2026-07-28T08:11:27.979406+05:30","level":"INFO","msg":"http request completed","request_id":"6707f6cef8a18be2cd635df56d4fc987","method":"POST","path":"/login","status":303,"bytes":0,"duration_ms":59,"remote_ip":"::1"}
{"time":"2026-07-28T08:11:27.980576+05:30","level":"INFO","msg":"http request completed","request_id":"ad42fe6d6cfea98f12794646615aa0e1","method":"GET","path":"/static/htmx.min.js","status":200,"bytes":51007,"duration_ms":0,"remote_ip":"::1"}
{"time":"2026-07-28T08:11:27.982+05:30","level":"INFO","msg":"http request completed","request_id":"7ee304f356a1b0665ff09423a068b0df","method":"GET","path":"/static/fervid-app.js","status":200,"bytes":20325,"duration_ms":1,"remote_ip":"::1"}
{"time":"2026-07-28T08:11:27.98322+05:30","level":"INFO","msg":"http request completed","request_id":"3b7f7246045414ddab7f2d3413f1ef8b","method":"GET","path":"/","status":200,"bytes":7278,"duration_ms":3,"remote_ip":"::1"}
{"time":"2026-07-28T08:11:27.985825+05:30","level":"INFO","msg":"http request completed","request_id":"e662efd0fdf47820076c578151ada024","method":"GET","path":"/static/htmx.min.js","status":200,"bytes":51007,"duration_ms":0,"remote_ip":"::1"}
{"time":"2026-07-28T08:11:27.98598+05:30","level":"INFO","msg":"http request completed","request_id":"a996dad9cc010ba6489f745ec0e98450","method":"GET","path":"/static/fervid-app.js","status":200,"bytes":20325,"duration_ms":0,"remote_ip":"::1"}
{"time":"2026-07-28T08:11:28.015191+05:30","level":"INFO","msg":"http request completed","request_id":"beabd7678c43c2c0fc3d23339b39fb32","method":"GET","path":"/requests/new","status":200,"bytes":5809,"duration_ms":0,"remote_ip":"::1"}
{"time":"2026-07-28T08:11:28.015577+05:30","level":"INFO","msg":"http request completed","request_id":"56599e11a15cc6e3a8da3175e6a43bad","method":"GET","path":"/requests","status":200,"bytes":8867,"duration_ms":1,"remote_ip":"::1"}
{"time":"2026-07-28T08:11:28.322503+05:30","level":"INFO","msg":"http request completed","request_id":"cf5cc5c9cccdf3e5164121ed3d089cb3","method":"GET","path":"/login","status":200,"bytes":602,"duration_ms":0,"remote_ip":"::1"}
{"time":"2026-07-28T08:11:28.324698+05:30","level":"INFO","msg":"http request completed","request_id":"ef54535816a0f2240d352aa5fa1d225f","method":"GET","path":"/static/fervid-ds.css","status":200,"bytes":93946,"duration_ms":0,"remote_ip":"::1"}
{"time":"2026-07-28T08:11:28.329579+05:30","level":"INFO","msg":"http request completed","request_id":"b248ead7c6a2a26c6b091c76cac650ce","method":"GET","path":"/static/fervid-logo.svg","status":200,"bytes":11187,"duration_ms":2,"remote_ip":"::1"}
{"time":"2026-07-28T08:11:28.463789+05:30","level":"INFO","msg":"http request completed","request_id":"197939c308ec327e078624d86f55a470","method":"POST","path":"/login","status":303,"bytes":0,"duration_ms":52,"remote_ip":"::1"}
{"time":"2026-07-28T08:11:28.465798+05:30","level":"INFO","msg":"http request completed","request_id":"23f032950a295389c46d7c3a2dbed975","method":"GET","path":"/","status":200,"bytes":7278,"duration_ms":1,"remote_ip":"::1"}
{"time":"2026-07-28T08:11:28.468499+05:30","level":"INFO","msg":"http request completed","request_id":"ab309a3d81398fb46cfcd51d07feb483","method":"GET","path":"/static/fervid-app.js","status":200,"bytes":20325,"duration_ms":0,"remote_ip":"::1"}
{"time":"2026-07-28T08:11:28.468632+05:30","level":"INFO","msg":"http request completed","request_id":"ef5dd7c557b37f0466801bf1268b7f6f","method":"GET","path":"/static/htmx.min.js","status":200,"bytes":51007,"duration_ms":0,"remote_ip":"::1"}
{"time":"2026-07-28T08:11:28.507453+05:30","level":"INFO","msg":"http request completed","request_id":"e9ecd326f2575db34a77cf543a6e278d","method":"GET","path":"/requests/new","status":200,"bytes":28450,"duration_ms":3,"remote_ip":"::1"}
{"time":"2026-07-28T08:11:28.548783+05:30","level":"INFO","msg":"http request completed","request_id":"7ec666888c5c9730d7b8d8a0542009ea","method":"GET","path":"/login","status":200,"bytes":602,"duration_ms":0,"remote_ip":"::1"}
{"time":"2026-07-28T08:11:28.551625+05:30","level":"INFO","msg":"http request completed","request_id":"80c9c03d0f54248cd0663b172016b403","method":"GET","path":"/static/fervid-ds.css","status":200,"bytes":93946,"duration_ms":0,"remote_ip":"::1"}
{"time":"2026-07-28T08:11:28.554231+05:30","level":"INFO","msg":"http request completed","request_id":"c2e209b92eaaf750398bb66bfb9e1320","method":"GET","path":"/static/fervid-logo.svg","status":200,"bytes":11187,"duration_ms":0,"remote_ip":"::1"}
{"time":"2026-07-28T08:11:28.698144+05:30","level":"INFO","msg":"http request completed","request_id":"653b938d3bf4810c24d2bcd4b2ed32a1","method":"POST","path":"/login","status":303,"bytes":0,"duration_ms":53,"remote_ip":"::1"}
{"time":"2026-07-28T08:11:28.70018+05:30","level":"INFO","msg":"http request completed","request_id":"a89e8e17a9a92f32e9f1f20b5093198e","method":"GET","path":"/","status":200,"bytes":7278,"duration_ms":1,"remote_ip":"::1"}
{"time":"2026-07-28T08:11:28.70401+05:30","level":"INFO","msg":"http request completed","request_id":"3dfba7224608bb440d85583a66ac5670","method":"GET","path":"/static/fervid-app.js","status":200,"bytes":20325,"duration_ms":0,"remote_ip":"::1"}
{"time":"2026-07-28T08:11:28.705114+05:30","level":"INFO","msg":"http request completed","request_id":"46a71cf41ec42d27587c1de9103c2b51","method":"GET","path":"/static/htmx.min.js","status":200,"bytes":51007,"duration_ms":1,"remote_ip":"::1"}
{"time":"2026-07-28T08:11:28.752271+05:30","level":"INFO","msg":"http request completed","request_id":"7107a96dbba11bfb68fa87d3326ee94a","method":"GET","path":"/requests/new","status":200,"bytes":27336,"duration_ms":1,"remote_ip":"::1"}
{"time":"2026-07-28T08:11:28.894064+05:30","level":"INFO","msg":"http request completed","request_id":"e57fd804c5887268dafb4bc7ade7ee96","method":"GET","path":"/login","status":200,"bytes":602,"duration_ms":0,"remote_ip":"::1"}
{"time":"2026-07-28T08:11:28.896078+05:30","level":"INFO","msg":"http request completed","request_id":"2dfdde09a13dc936be1063bd52a301d1","method":"GET","path":"/static/fervid-ds.css","status":200,"bytes":93946,"duration_ms":0,"remote_ip":"::1"}
{"time":"2026-07-28T08:11:28.898266+05:30","level":"INFO","msg":"http request completed","request_id":"f8c7d15f39c5331b96e8f0ff9a881ad2","method":"GET","path":"/static/fervid-logo.svg","status":200,"bytes":11187,"duration_ms":0,"remote_ip":"::1"}
{"time":"2026-07-28T08:11:28.916403+05:30","level":"INFO","msg":"http request completed","request_id":"420ff578012dfe77d3c3c2549f4d81b8","method":"GET","path":"/login","status":200,"bytes":602,"duration_ms":0,"remote_ip":"::1"}
{"time":"2026-07-28T08:11:28.918485+05:30","level":"INFO","msg":"http request completed","request_id":"3a2e586a8eac86891b7a990c70e9d226","method":"GET","path":"/static/fervid-ds.css","status":200,"bytes":93946,"duration_ms":0,"remote_ip":"::1"}
{"time":"2026-07-28T08:11:28.920534+05:30","level":"INFO","msg":"http request completed","request_id":"8f13a036165b4ac39ffba24afdb55cad","method":"GET","path":"/static/fervid-logo.svg","status":200,"bytes":11187,"duration_ms":0,"remote_ip":"::1"}
{"time":"2026-07-28T08:11:29.029034+05:30","level":"INFO","msg":"http request completed","request_id":"547dfe452f789ccb62eb7ace7b98e9b1","method":"POST","path":"/login","status":303,"bytes":0,"duration_ms":51,"remote_ip":"::1"}
{"time":"2026-07-28T08:11:29.030982+05:30","level":"INFO","msg":"http request completed","request_id":"fc8158e697d326c0278cc286538b12d6","method":"GET","path":"/","status":200,"bytes":7278,"duration_ms":1,"remote_ip":"::1"}
{"time":"2026-07-28T08:11:29.033315+05:30","level":"INFO","msg":"http request completed","request_id":"e4a5df598b8a8e5d8a4a4a9fb5521ae0","method":"GET","path":"/static/htmx.min.js","status":200,"bytes":51007,"duration_ms":0,"remote_ip":"::1"}
{"time":"2026-07-28T08:11:29.033616+05:30","level":"INFO","msg":"http request completed","request_id":"5ac02cba48c45ca5ede1e6ec32125700","method":"GET","path":"/static/fervid-app.js","status":200,"bytes":20325,"duration_ms":0,"remote_ip":"::1"}
{"time":"2026-07-28T08:11:29.05492+05:30","level":"INFO","msg":"http request completed","request_id":"20ee538ea2822619512ffb7a626fcc98","method":"POST","path":"/login","status":303,"bytes":0,"duration_ms":52,"remote_ip":"::1"}
{"time":"2026-07-28T08:11:29.057082+05:30","level":"INFO","msg":"http request completed","request_id":"d249b6a6757c407a358ea92b2ba92ea3","method":"GET","path":"/","status":200,"bytes":7278,"duration_ms":1,"remote_ip":"::1"}
{"time":"2026-07-28T08:11:29.059501+05:30","level":"INFO","msg":"http request completed","request_id":"9f6df5df99ac911513d96de713d130a7","method":"GET","path":"/static/fervid-app.js","status":200,"bytes":20325,"duration_ms":0,"remote_ip":"::1"}
{"time":"2026-07-28T08:11:29.059574+05:30","level":"INFO","msg":"http request completed","request_id":"5d2ba205d8d19628cf759e94d4627a9d","method":"GET","path":"/static/htmx.min.js","status":200,"bytes":51007,"duration_ms":0,"remote_ip":"::1"}
{"time":"2026-07-28T08:11:29.063623+05:30","level":"INFO","msg":"http request completed","request_id":"dac5c7b566583560751f3f789cdde1c0","method":"GET","path":"/requests/new","status":200,"bytes":12003,"duration_ms":1,"remote_ip":"::1"}
{"time":"2026-07-28T08:11:29.09098+05:30","level":"INFO","msg":"http request completed","request_id":"defabaede2a51eb6ba46b5381973f398","method":"GET","path":"/requests/new","status":200,"bytes":28083,"duration_ms":3,"remote_ip":"::1"}
{"time":"2026-07-28T08:11:29.60382+05:30","level":"INFO","msg":"http request completed","request_id":"a82e397b1e79fa118a7a271eaf479f90","method":"GET","path":"/login","status":200,"bytes":602,"duration_ms":0,"remote_ip":"::1"}
{"time":"2026-07-28T08:11:29.607339+05:30","level":"INFO","msg":"http request completed","request_id":"84543e5aec949be88b84e9c29a0987fa","method":"GET","path":"/static/fervid-ds.css","status":200,"bytes":93946,"duration_ms":0,"remote_ip":"::1"}
{"time":"2026-07-28T08:11:29.609302+05:30","level":"INFO","msg":"http request completed","request_id":"222ef5c0e21ff2e9b562536d2bd717c9","method":"GET","path":"/static/fervid-logo.svg","status":200,"bytes":11187,"duration_ms":0,"remote_ip":"::1"}
{"time":"2026-07-28T08:11:29.74221+05:30","level":"INFO","msg":"http request completed","request_id":"ff201624f0b966c4f7ab81058defe675","method":"POST","path":"/login","status":303,"bytes":0,"duration_ms":55,"remote_ip":"::1"}
{"time":"2026-07-28T08:11:29.746395+05:30","level":"INFO","msg":"http request completed","request_id":"d6c5e6c17335e64ca39e5e09da27842f","method":"GET","path":"/","status":200,"bytes":7278,"duration_ms":3,"remote_ip":"::1"}
{"time":"2026-07-28T08:11:29.749461+05:30","level":"INFO","msg":"http request completed","request_id":"71d73244d4a2900bfc3ebd6dad852f08","method":"GET","path":"/static/htmx.min.js","status":200,"bytes":51007,"duration_ms":0,"remote_ip":"::1"}
{"time":"2026-07-28T08:11:29.749969+05:30","level":"INFO","msg":"http request completed","request_id":"c32f6de5d4aa7b7476358f2bb29bb6c0","method":"GET","path":"/static/fervid-app.js","status":200,"bytes":20325,"duration_ms":0,"remote_ip":"::1"}
{"time":"2026-07-28T08:11:29.783523+05:30","level":"INFO","msg":"http request completed","request_id":"710f183ff894fc7ffcb17dda634e21d8","method":"GET","path":"/requests/new","status":200,"bytes":12003,"duration_ms":1,"remote_ip":"::1"}
{"time":"2026-07-28T08:11:29.877265+05:30","level":"INFO","msg":"http request completed","request_id":"2b97d15c249e0073a7b0c4922f07f441","method":"GET","path":"/login","status":200,"bytes":602,"duration_ms":0,"remote_ip":"::1"}
{"time":"2026-07-28T08:11:29.880186+05:30","level":"INFO","msg":"http request completed","request_id":"437bf729ba6e40ef973cb5d19ad8d9a7","method":"GET","path":"/static/fervid-ds.css","status":200,"bytes":93946,"duration_ms":0,"remote_ip":"::1"}
{"time":"2026-07-28T08:11:29.88198+05:30","level":"INFO","msg":"http request completed","request_id":"25fc31bf0c0426bc1be5042e0983326a","method":"GET","path":"/static/fervid-logo.svg","status":200,"bytes":11187,"duration_ms":0,"remote_ip":"::1"}
{"time":"2026-07-28T08:11:30.015516+05:30","level":"INFO","msg":"http request completed","request_id":"eb27d633bc92bf65a3e967602b076fa0","method":"POST","path":"/login","status":303,"bytes":0,"duration_ms":53,"remote_ip":"::1"}
{"time":"2026-07-28T08:11:30.017551+05:30","level":"INFO","msg":"http request completed","request_id":"f296a3c99c0296d1a34a63f791906473","method":"GET","path":"/","status":200,"bytes":7278,"duration_ms":1,"remote_ip":"::1"}
{"time":"2026-07-28T08:11:30.019724+05:30","level":"INFO","msg":"http request completed","request_id":"1335472d90425f322e90893b49196ce4","method":"GET","path":"/static/htmx.min.js","status":200,"bytes":51007,"duration_ms":0,"remote_ip":"::1"}
{"time":"2026-07-28T08:11:30.019721+05:30","level":"INFO","msg":"http request completed","request_id":"95c7e080fdefee95a85345233aa06727","method":"GET","path":"/static/fervid-app.js","status":200,"bytes":20325,"duration_ms":0,"remote_ip":"::1"}
{"time":"2026-07-28T08:11:30.056493+05:30","level":"INFO","msg":"http request completed","request_id":"5c38f9abc7917ee051dedf0eafa0f8e9","method":"GET","path":"/requests/new","status":200,"bytes":27336,"duration_ms":2,"remote_ip":"::1"}
{"time":"2026-07-28T08:11:30.087593+05:30","level":"INFO","msg":"http request completed","request_id":"b9191c28b89f5249c74a75edda1cb263","method":"GET","path":"/login","status":200,"bytes":602,"duration_ms":0,"remote_ip":"::1"}
{"time":"2026-07-28T08:11:30.089593+05:30","level":"WARN","msg":"http request completed","request_id":"2695d3536774b44408f2b22c9f47ad79","method":"POST","path":"/requests","status":400,"bytes":27414,"duration_ms":2,"remote_ip":"::1"}
{"time":"2026-07-28T08:11:30.090268+05:30","level":"INFO","msg":"http request completed","request_id":"4d047f7ccb57d59e0bf9a275721d7c77","method":"GET","path":"/static/fervid-ds.css","status":200,"bytes":93946,"duration_ms":0,"remote_ip":"::1"}
{"time":"2026-07-28T08:11:30.0923+05:30","level":"INFO","msg":"http request completed","request_id":"03cec6f11cc58cbc2c269b5e660c31ea","method":"GET","path":"/static/fervid-logo.svg","status":200,"bytes":11187,"duration_ms":0,"remote_ip":"::1"}
{"time":"2026-07-28T08:11:30.208337+05:30","level":"INFO","msg":"http request completed","request_id":"b7d153a2d78c85466d190f0f7accdca9","method":"GET","path":"/login","status":200,"bytes":602,"duration_ms":0,"remote_ip":"::1"}
{"time":"2026-07-28T08:11:30.211502+05:30","level":"INFO","msg":"http request completed","request_id":"5c05998f4ebc289f2985e534d8c41062","method":"GET","path":"/static/fervid-ds.css","status":200,"bytes":93946,"duration_ms":0,"remote_ip":"::1"}
{"time":"2026-07-28T08:11:30.215593+05:30","level":"INFO","msg":"http request completed","request_id":"63a622d1ad85360c47adff3e2db74add","method":"GET","path":"/static/fervid-logo.svg","status":200,"bytes":11187,"duration_ms":0,"remote_ip":"::1"}
{"time":"2026-07-28T08:11:30.222485+05:30","level":"INFO","msg":"http request completed","request_id":"228263a98100ab7b8a9ea4a1f630f5d6","method":"POST","path":"/login","status":303,"bytes":0,"duration_ms":52,"remote_ip":"::1"}
{"time":"2026-07-28T08:11:30.225701+05:30","level":"INFO","msg":"http request completed","request_id":"65ba6e1c46d875db03e8de7743a39efb","method":"GET","path":"/","status":200,"bytes":7278,"duration_ms":1,"remote_ip":"::1"}
{"time":"2026-07-28T08:11:30.228746+05:30","level":"INFO","msg":"http request completed","request_id":"62553d20a2f787342898a4909724e29b","method":"GET","path":"/static/htmx.min.js","status":200,"bytes":51007,"duration_ms":0,"remote_ip":"::1"}
{"time":"2026-07-28T08:11:30.230352+05:30","level":"INFO","msg":"http request completed","request_id":"a092282ab4a598e7ac9dfd3329ced8ae","method":"GET","path":"/static/fervid-app.js","status":200,"bytes":20325,"duration_ms":0,"remote_ip":"::1"}
{"time":"2026-07-28T08:11:30.265017+05:30","level":"INFO","msg":"http request completed","request_id":"86b72f9be6cf6bdffda53b3da5d64ae9","method":"GET","path":"/requests/426","status":200,"bytes":6696,"duration_ms":4,"remote_ip":"::1"}
{"time":"2026-07-28T08:11:30.35635+05:30","level":"INFO","msg":"http request completed","request_id":"e6c604cabf15431ee04373b1084aaaf6","method":"POST","path":"/login","status":303,"bytes":0,"duration_ms":53,"remote_ip":"::1"}
{"time":"2026-07-28T08:11:30.35847+05:30","level":"INFO","msg":"http request completed","request_id":"15822d7db2838538383e59680f81f751","method":"GET","path":"/","status":200,"bytes":7278,"duration_ms":1,"remote_ip":"::1"}
{"time":"2026-07-28T08:11:30.360614+05:30","level":"INFO","msg":"http request completed","request_id":"99aaee649c5ce51ad2255dd756321430","method":"GET","path":"/static/fervid-app.js","status":200,"bytes":20325,"duration_ms":0,"remote_ip":"::1"}
{"time":"2026-07-28T08:11:30.360853+05:30","level":"INFO","msg":"http request completed","request_id":"6d166eb641da6449f52949059e8fdfbd","method":"GET","path":"/static/htmx.min.js","status":200,"bytes":51007,"duration_ms":0,"remote_ip":"::1"}
{"time":"2026-07-28T08:11:30.395899+05:30","level":"INFO","msg":"http request completed","request_id":"8ca6b80de03171392bf8174b40a4b55b","method":"GET","path":"/requests/432","status":200,"bytes":8778,"duration_ms":5,"remote_ip":"::1"}
{"time":"2026-07-28T08:11:30.748264+05:30","level":"INFO","msg":"http request completed","request_id":"5184c602d00b1db4b532bc019288fec9","method":"GET","path":"/login","status":200,"bytes":602,"duration_ms":0,"remote_ip":"::1"}
{"time":"2026-07-28T08:11:30.750655+05:30","level":"INFO","msg":"http request completed","request_id":"953ef3faf4758c1b1595a4c523e2f28e","method":"GET","path":"/static/fervid-ds.css","status":200,"bytes":93946,"duration_ms":0,"remote_ip":"::1"}
{"time":"2026-07-28T08:11:30.753061+05:30","level":"INFO","msg":"http request completed","request_id":"46f9d08c6e17c62bb70eb0fdf355228a","method":"GET","path":"/static/fervid-logo.svg","status":200,"bytes":11187,"duration_ms":0,"remote_ip":"::1"}
{"time":"2026-07-28T08:11:30.792297+05:30","level":"INFO","msg":"http request completed","request_id":"4dce8756ba54d32dcc73ae27ae891471","method":"GET","path":"/login","status":200,"bytes":602,"duration_ms":0,"remote_ip":"::1"}
{"time":"2026-07-28T08:11:30.795356+05:30","level":"INFO","msg":"http request completed","request_id":"e387a14321f17cf5083f807cbbcd03b0","method":"GET","path":"/static/fervid-ds.css","status":200,"bytes":93946,"duration_ms":0,"remote_ip":"::1"}
{"time":"2026-07-28T08:11:30.797183+05:30","level":"INFO","msg":"http request completed","request_id":"3d711dbc4008cc1128168b12f7f03604","method":"GET","path":"/static/fervid-logo.svg","status":200,"bytes":11187,"duration_ms":0,"remote_ip":"::1"}
{"time":"2026-07-28T08:11:30.896845+05:30","level":"INFO","msg":"http request completed","request_id":"2ce4a67b1f84c8937ade1ee6a57e8e80","method":"POST","path":"/login","status":303,"bytes":0,"duration_ms":51,"remote_ip":"::1"}
{"time":"2026-07-28T08:11:30.898837+05:30","level":"INFO","msg":"http request completed","request_id":"61c4a2e7cfd7ea117ae19f139312256b","method":"GET","path":"/","status":200,"bytes":7278,"duration_ms":1,"remote_ip":"::1"}
{"time":"2026-07-28T08:11:30.9011+05:30","level":"INFO","msg":"http request completed","request_id":"0b0187407edb031f647d6465e3fb158a","method":"GET","path":"/static/htmx.min.js","status":200,"bytes":51007,"duration_ms":0,"remote_ip":"::1"}
{"time":"2026-07-28T08:11:30.901388+05:30","level":"INFO","msg":"http request completed","request_id":"f4cf1974a0befc72a81df7498412f051","method":"GET","path":"/static/fervid-app.js","status":200,"bytes":20325,"duration_ms":0,"remote_ip":"::1"}
{"time":"2026-07-28T08:11:30.934503+05:30","level":"INFO","msg":"http request completed","request_id":"8e072c29dad920aabc294356b07862dd","method":"GET","path":"/requests/467","status":200,"bytes":7158,"duration_ms":2,"remote_ip":"::1"}
{"time":"2026-07-28T08:11:30.935941+05:30","level":"INFO","msg":"http request completed","request_id":"f5ffa770b0b05c06036bb29834e8d029","method":"POST","path":"/login","status":303,"bytes":0,"duration_ms":58,"remote_ip":"::1"}
{"time":"2026-07-28T08:11:30.938271+05:30","level":"INFO","msg":"http request completed","request_id":"78124637932c4a3e60bb0b57a87432ee","method":"GET","path":"/","status":200,"bytes":7278,"duration_ms":1,"remote_ip":"::1"}
{"time":"2026-07-28T08:11:30.941139+05:30","level":"INFO","msg":"http request completed","request_id":"31fc3d2af7bccfe4b596f30dad9b3e1b","method":"GET","path":"/static/htmx.min.js","status":200,"bytes":51007,"duration_ms":0,"remote_ip":"::1"}
{"time":"2026-07-28T08:11:30.941328+05:30","level":"INFO","msg":"http request completed","request_id":"539b12055790f0efc135e065c5c12917","method":"GET","path":"/static/fervid-app.js","status":200,"bytes":20325,"duration_ms":0,"remote_ip":"::1"}
{"time":"2026-07-28T08:11:30.975172+05:30","level":"INFO","msg":"http request completed","request_id":"8d3976704f9902b550b4e69237968381","method":"GET","path":"/requests/442","status":200,"bytes":7117,"duration_ms":2,"remote_ip":"::1"}
{"time":"2026-07-28T08:11:31.216228+05:30","level":"INFO","msg":"http request completed","request_id":"436d716eb99f425b7a1b72a3b2fd97d2","method":"GET","path":"/login","status":200,"bytes":602,"duration_ms":0,"remote_ip":"::1"}
{"time":"2026-07-28T08:11:31.220652+05:30","level":"INFO","msg":"http request completed","request_id":"842bb0532861ea24d5c402abba49b9bc","method":"GET","path":"/static/fervid-ds.css","status":200,"bytes":93946,"duration_ms":2,"remote_ip":"::1"}
{"time":"2026-07-28T08:11:31.222724+05:30","level":"INFO","msg":"http request completed","request_id":"07b03d753c35dd4a6291bcf9151da800","method":"GET","path":"/static/fervid-logo.svg","status":200,"bytes":11187,"duration_ms":0,"remote_ip":"::1"}
{"time":"2026-07-28T08:11:31.356229+05:30","level":"INFO","msg":"http request completed","request_id":"1bff7c309da5e6ed01c109d30c928e5c","method":"POST","path":"/login","status":303,"bytes":0,"duration_ms":52,"remote_ip":"::1"}
{"time":"2026-07-28T08:11:31.358801+05:30","level":"INFO","msg":"http request completed","request_id":"d00b69ec73fb4428d3d68d8bb408f350","method":"GET","path":"/","status":200,"bytes":7278,"duration_ms":1,"remote_ip":"::1"}
{"time":"2026-07-28T08:11:31.361749+05:30","level":"INFO","msg":"http request completed","request_id":"d5162fcef0116eccaf6725768b59f63f","method":"GET","path":"/static/fervid-app.js","status":200,"bytes":20325,"duration_ms":0,"remote_ip":"::1"}
{"time":"2026-07-28T08:11:31.361824+05:30","level":"INFO","msg":"http request completed","request_id":"6ea98093833f95882ae70c1df7d0cf24","method":"GET","path":"/static/htmx.min.js","status":200,"bytes":51007,"duration_ms":0,"remote_ip":"::1"}
{"time":"2026-07-28T08:11:31.378495+05:30","level":"INFO","msg":"http request completed","request_id":"950d50a6ba106857f4048e94dcef8b3b","method":"GET","path":"/login","status":200,"bytes":602,"duration_ms":0,"remote_ip":"::1"}
{"time":"2026-07-28T08:11:31.381738+05:30","level":"INFO","msg":"http request completed","request_id":"23b099fa27f1e30bb37532c0990c3940","method":"GET","path":"/static/fervid-ds.css","status":200,"bytes":93946,"duration_ms":0,"remote_ip":"::1"}
{"time":"2026-07-28T08:11:31.383891+05:30","level":"INFO","msg":"http request completed","request_id":"70b4dadb9476c44f0f9b0654c067d925","method":"GET","path":"/static/fervid-logo.svg","status":200,"bytes":11187,"duration_ms":0,"remote_ip":"::1"}
{"time":"2026-07-28T08:11:31.403126+05:30","level":"INFO","msg":"http request completed","request_id":"4cc83c62e192ae4d02f491b7c96fbb98","method":"GET","path":"/requests/461","status":200,"bytes":6665,"duration_ms":2,"remote_ip":"::1"}
{"time":"2026-07-28T08:11:31.533063+05:30","level":"INFO","msg":"http request completed","request_id":"b88fc60c63b1cbf0cb7be6d1fa66c722","method":"POST","path":"/login","status":303,"bytes":0,"duration_ms":63,"remote_ip":"::1"}
{"time":"2026-07-28T08:11:31.535241+05:30","level":"INFO","msg":"http request completed","request_id":"5f913b8ea330cd0d6acf2ce97fc39ac0","method":"GET","path":"/","status":200,"bytes":7278,"duration_ms":1,"remote_ip":"::1"}
{"time":"2026-07-28T08:11:31.537669+05:30","level":"INFO","msg":"http request completed","request_id":"7d22d66f8e983686c1f526e56e647837","method":"GET","path":"/static/htmx.min.js","status":200,"bytes":51007,"duration_ms":0,"remote_ip":"::1"}
{"time":"2026-07-28T08:11:31.537737+05:30","level":"INFO","msg":"http request completed","request_id":"736191d63c9d68846c9034b921af29bf","method":"GET","path":"/static/fervid-app.js","status":200,"bytes":20325,"duration_ms":0,"remote_ip":"::1"}
{"time":"2026-07-28T08:11:31.575734+05:30","level":"INFO","msg":"http request completed","request_id":"8d87abb45fa8e1ee66c54d292dd84046","method":"GET","path":"/requests/533","status":200,"bytes":7030,"duration_ms":2,"remote_ip":"::1"}
{"time":"2026-07-28T08:11:32.056519+05:30","level":"INFO","msg":"http request completed","request_id":"fb074ff46b2bf9e7ae4b109e51a048c2","method":"GET","path":"/login","status":200,"bytes":602,"duration_ms":0,"remote_ip":"::1"}
{"time":"2026-07-28T08:11:32.058809+05:30","level":"INFO","msg":"http request completed","request_id":"5597e96b71f97ffb4a6dfeaf1020f0a2","method":"GET","path":"/static/fervid-ds.css","status":200,"bytes":93946,"duration_ms":0,"remote_ip":"::1"}
{"time":"2026-07-28T08:11:32.060959+05:30","level":"INFO","msg":"http request completed","request_id":"b6ec21581751b9565dbde65ea1d52442","method":"GET","path":"/static/fervid-logo.svg","status":200,"bytes":11187,"duration_ms":0,"remote_ip":"::1"}
{"time":"2026-07-28T08:11:32.082102+05:30","level":"INFO","msg":"http request completed","request_id":"04d26c4f85b23cbbaf02c9eae21e1396","method":"GET","path":"/login","status":200,"bytes":602,"duration_ms":0,"remote_ip":"::1"}
{"time":"2026-07-28T08:11:32.084589+05:30","level":"INFO","msg":"http request completed","request_id":"a29bb3e1170e9e97fad0e961344d36db","method":"GET","path":"/static/fervid-ds.css","status":200,"bytes":93946,"duration_ms":0,"remote_ip":"::1"}
{"time":"2026-07-28T08:11:32.086494+05:30","level":"INFO","msg":"http request completed","request_id":"4a75c36ae233a35bb29667a146bffc7e","method":"GET","path":"/static/fervid-logo.svg","status":200,"bytes":11187,"duration_ms":0,"remote_ip":"::1"}
{"time":"2026-07-28T08:11:32.332087+05:30","level":"INFO","msg":"http request completed","request_id":"f8c0c1cc02914c38799736b3d2a4d94e","method":"POST","path":"/login","status":303,"bytes":0,"duration_ms":86,"remote_ip":"::1"}
{"time":"2026-07-28T08:11:32.336036+05:30","level":"INFO","msg":"http request completed","request_id":"f3058dae5145eef504bca7a3e37eeff6","method":"GET","path":"/","status":200,"bytes":7278,"duration_ms":3,"remote_ip":"::1"}
{"time":"2026-07-28T08:11:32.339169+05:30","level":"INFO","msg":"http request completed","request_id":"384606ee9b78123e36b93828a9d2b6ef","method":"GET","path":"/static/fervid-app.js","status":200,"bytes":20325,"duration_ms":0,"remote_ip":"::1"}
{"time":"2026-07-28T08:11:32.339379+05:30","level":"INFO","msg":"http request completed","request_id":"2438279c16e2dbcdad10a4c5e5d43ae2","method":"GET","path":"/static/htmx.min.js","status":200,"bytes":51007,"duration_ms":0,"remote_ip":"::1"}
{"time":"2026-07-28T08:11:32.357768+05:30","level":"INFO","msg":"http request completed","request_id":"4cfa2ad7dd1b51d22309323fff79ce63","method":"POST","path":"/login","status":303,"bytes":0,"duration_ms":164,"remote_ip":"::1"}
{"time":"2026-07-28T08:11:32.361285+05:30","level":"INFO","msg":"http request completed","request_id":"98cbeffbc63952858fb32ebeeabe32b1","method":"GET","path":"/","status":200,"bytes":7278,"duration_ms":2,"remote_ip":"::1"}
{"time":"2026-07-28T08:11:32.364132+05:30","level":"INFO","msg":"http request completed","request_id":"2e128003d2f9927dd64c0eacf3bb02ec","method":"GET","path":"/static/fervid-app.js","status":200,"bytes":20325,"duration_ms":0,"remote_ip":"::1"}
{"time":"2026-07-28T08:11:32.364318+05:30","level":"INFO","msg":"http request completed","request_id":"0417a46da650296a68ae16a6d3b7ef02","method":"GET","path":"/static/htmx.min.js","status":200,"bytes":51007,"duration_ms":0,"remote_ip":"::1"}
{"time":"2026-07-28T08:11:32.376677+05:30","level":"INFO","msg":"http request completed","request_id":"b2b30f6ec2679030c0acf7e38f5aa6cf","method":"GET","path":"/requests/537","status":200,"bytes":7719,"duration_ms":4,"remote_ip":"::1"}
{"time":"2026-07-28T08:11:32.397721+05:30","level":"INFO","msg":"http request completed","request_id":"38d600e9882c9e738face6630e57af68","method":"GET","path":"/requests/526","status":200,"bytes":7465,"duration_ms":2,"remote_ip":"::1"}
{"time":"2026-07-28T08:11:32.444263+05:30","level":"INFO","msg":"http request completed","request_id":"3d78b949dab77d1383635aea718b2767","method":"GET","path":"/login","status":200,"bytes":602,"duration_ms":0,"remote_ip":"::1"}
{"time":"2026-07-28T08:11:32.44639+05:30","level":"INFO","msg":"http request completed","request_id":"f467c74af156cdb8c2d06d633bff551b","method":"GET","path":"/static/fervid-ds.css","status":200,"bytes":93946,"duration_ms":0,"remote_ip":"::1"}
{"time":"2026-07-28T08:11:32.449536+05:30","level":"INFO","msg":"http request completed","request_id":"db951ca089d28f82376d9f502aac7b3c","method":"GET","path":"/static/fervid-logo.svg","status":200,"bytes":11187,"duration_ms":0,"remote_ip":"::1"}
{"time":"2026-07-28T08:11:32.567861+05:30","level":"INFO","msg":"http request completed","request_id":"6805e8333596055f79f708d2cd646fd5","method":"GET","path":"/login","status":200,"bytes":602,"duration_ms":0,"remote_ip":"::1"}
{"time":"2026-07-28T08:11:32.572183+05:30","level":"INFO","msg":"http request completed","request_id":"4e79ba9d82192afeda37a9e681145d1e","method":"GET","path":"/static/fervid-ds.css","status":200,"bytes":93946,"duration_ms":2,"remote_ip":"::1"}
{"time":"2026-07-28T08:11:32.57239+05:30","level":"INFO","msg":"http request completed","request_id":"ead090f2f356c4d01a6c234ebdaeb6bf","method":"GET","path":"/static/fervid-logo.svg","status":200,"bytes":11187,"duration_ms":0,"remote_ip":"::1"}
{"time":"2026-07-28T08:11:32.610111+05:30","level":"INFO","msg":"http request completed","request_id":"9190e62432653d69e3fe4e148deed804","method":"POST","path":"/login","status":303,"bytes":0,"duration_ms":86,"remote_ip":"::1"}
{"time":"2026-07-28T08:11:32.614357+05:30","level":"INFO","msg":"http request completed","request_id":"1218ec9713ffd55dab73ff056d22fa57","method":"GET","path":"/","status":200,"bytes":7278,"duration_ms":3,"remote_ip":"::1"}
{"time":"2026-07-28T08:11:32.616708+05:30","level":"INFO","msg":"http request completed","request_id":"fab5a3e990b1251b2bb9475e5ec5cb94","method":"GET","path":"/static/fervid-app.js","status":200,"bytes":20325,"duration_ms":0,"remote_ip":"::1"}
{"time":"2026-07-28T08:11:32.61672+05:30","level":"INFO","msg":"http request completed","request_id":"442a89e58f1812aa2af243bfd910f840","method":"GET","path":"/static/htmx.min.js","status":200,"bytes":51007,"duration_ms":0,"remote_ip":"::1"}
{"time":"2026-07-28T08:11:32.655802+05:30","level":"INFO","msg":"http request completed","request_id":"b4883070e56ea7e29cc558c05e60ccda","method":"GET","path":"/requests/432/edit","status":200,"bytes":12547,"duration_ms":4,"remote_ip":"::1"}
{"time":"2026-07-28T08:11:32.754712+05:30","level":"INFO","msg":"http request completed","request_id":"08078f8ad5e2e2d2145f0bc154e33be2","method":"POST","path":"/login","status":303,"bytes":0,"duration_ms":109,"remote_ip":"::1"}
{"time":"2026-07-28T08:11:32.756675+05:30","level":"INFO","msg":"http request completed","request_id":"85d1df6cff03197efe67b725494a0462","method":"GET","path":"/","status":200,"bytes":7278,"duration_ms":1,"remote_ip":"::1"}
{"time":"2026-07-28T08:11:32.759343+05:30","level":"INFO","msg":"http request completed","request_id":"1a2ccef12a2ce22ee661075c8563b045","method":"GET","path":"/static/fervid-app.js","status":200,"bytes":20325,"duration_ms":0,"remote_ip":"::1"}
{"time":"2026-07-28T08:11:32.759341+05:30","level":"INFO","msg":"http request completed","request_id":"7eca491e8e9a9c1e9532c069d203df29","method":"GET","path":"/static/htmx.min.js","status":200,"bytes":51007,"duration_ms":0,"remote_ip":"::1"}
{"time":"2026-07-28T08:11:32.788343+05:30","level":"INFO","msg":"http request completed","request_id":"017fa207713a586d1c7a9c8bd565c704","method":"GET","path":"/requests/467/cancel","status":200,"bytes":5949,"duration_ms":0,"remote_ip":"::1"}
{"time":"2026-07-28T08:11:33.338292+05:30","level":"INFO","msg":"http request completed","request_id":"418e2f1c15305945cb284fce9c317881","method":"GET","path":"/login","status":200,"bytes":602,"duration_ms":0,"remote_ip":"::1"}
{"time":"2026-07-28T08:11:33.340593+05:30","level":"INFO","msg":"http request completed","request_id":"312e75593b115b9fd2960e2fdfb2e2df","method":"GET","path":"/static/fervid-ds.css","status":200,"bytes":93946,"duration_ms":0,"remote_ip":"::1"}
{"time":"2026-07-28T08:11:33.343022+05:30","level":"INFO","msg":"http request completed","request_id":"9348ce57985a5ada1ceecf8238f3db31","method":"GET","path":"/static/fervid-logo.svg","status":200,"bytes":11187,"duration_ms":0,"remote_ip":"::1"}
{"time":"2026-07-28T08:11:33.370114+05:30","level":"INFO","msg":"http request completed","request_id":"fb43b6f18f783688d52e92f4cc3d8eda","method":"GET","path":"/login","status":200,"bytes":602,"duration_ms":0,"remote_ip":"::1"}
{"time":"2026-07-28T08:11:33.372764+05:30","level":"INFO","msg":"http request completed","request_id":"c65512bdc0bb7a4ec2fd8ac22e1457cf","method":"GET","path":"/static/fervid-ds.css","status":200,"bytes":93946,"duration_ms":0,"remote_ip":"::1"}
{"time":"2026-07-28T08:11:33.374757+05:30","level":"INFO","msg":"http request completed","request_id":"c1482eab23d621a22ccc600fa81fb6fe","method":"GET","path":"/static/fervid-logo.svg","status":200,"bytes":11187,"duration_ms":0,"remote_ip":"::1"}
{"time":"2026-07-28T08:11:33.55137+05:30","level":"INFO","msg":"http request completed","request_id":"fab42b976bc3421591d219095e403144","method":"POST","path":"/login","status":303,"bytes":0,"duration_ms":65,"remote_ip":"::1"}
{"time":"2026-07-28T08:11:33.553924+05:30","level":"INFO","msg":"http request completed","request_id":"a5190b03a019f0653e207282b9c528ea","method":"GET","path":"/","status":200,"bytes":8202,"duration_ms":1,"remote_ip":"::1"}
{"time":"2026-07-28T08:11:33.556419+05:30","level":"INFO","msg":"http request completed","request_id":"da3d217c950a57833965e8bf8abd9e4b","method":"GET","path":"/static/htmx.min.js","status":200,"bytes":51007,"duration_ms":0,"remote_ip":"::1"}
{"time":"2026-07-28T08:11:33.556594+05:30","level":"INFO","msg":"http request completed","request_id":"98e059c36e118995a528056a8a05506a","method":"GET","path":"/static/fervid-app.js","status":200,"bytes":20325,"duration_ms":0,"remote_ip":"::1"}
{"time":"2026-07-28T08:11:33.594534+05:30","level":"INFO","msg":"http request completed","request_id":"e1949d65d158c9aefb03f32b29c7fa26","method":"GET","path":"/requests/12","status":200,"bytes":9424,"duration_ms":1,"remote_ip":"::1"}
{"time":"2026-07-28T08:11:33.621759+05:30","level":"INFO","msg":"http request completed","request_id":"c326185f39c693132ae71331c9b8e34a","method":"POST","path":"/login","status":303,"bytes":0,"duration_ms":102,"remote_ip":"::1"}
{"time":"2026-07-28T08:11:33.623608+05:30","level":"INFO","msg":"http request completed","request_id":"3c9a420b56609844e6ec16c9022e27e8","method":"GET","path":"/","status":200,"bytes":8202,"duration_ms":1,"remote_ip":"::1"}
{"time":"2026-07-28T08:11:33.62594+05:30","level":"INFO","msg":"http request completed","request_id":"fd2ef25dbedc41b08ff26d4aaa5bed99","method":"GET","path":"/static/htmx.min.js","status":200,"bytes":51007,"duration_ms":0,"remote_ip":"::1"}
{"time":"2026-07-28T08:11:33.62602+05:30","level":"INFO","msg":"http request completed","request_id":"e2eb2d12b068b53b12ba8d69189b6d08","method":"GET","path":"/static/fervid-app.js","status":200,"bytes":20325,"duration_ms":0,"remote_ip":"::1"}
{"time":"2026-07-28T08:11:33.657478+05:30","level":"INFO","msg":"http request completed","request_id":"a323a1992ca0f3822abcb0c35ffca065","method":"GET","path":"/requests/4","status":200,"bytes":9370,"duration_ms":1,"remote_ip":"::1"}
{"time":"2026-07-28T08:11:33.68143+05:30","level":"INFO","msg":"http request completed","request_id":"e220597ce31f3d86ff2b62a0a5fbcba4","method":"GET","path":"/login","status":200,"bytes":602,"duration_ms":0,"remote_ip":"::1"}
{"time":"2026-07-28T08:11:33.683906+05:30","level":"INFO","msg":"http request completed","request_id":"f40e420690d8fedebf8b36e7649bd294","method":"GET","path":"/static/fervid-ds.css","status":200,"bytes":93946,"duration_ms":0,"remote_ip":"::1"}
{"time":"2026-07-28T08:11:33.686401+05:30","level":"INFO","msg":"http request completed","request_id":"8a26b2f5c4d655a9b22790214b9e3cdd","method":"GET","path":"/static/fervid-logo.svg","status":200,"bytes":11187,"duration_ms":0,"remote_ip":"::1"}
{"time":"2026-07-28T08:11:33.761202+05:30","level":"INFO","msg":"http request completed","request_id":"722fc178acd0fe84e730da87488cd170","method":"GET","path":"/login","status":200,"bytes":602,"duration_ms":0,"remote_ip":"::1"}
{"time":"2026-07-28T08:11:33.763322+05:30","level":"INFO","msg":"http request completed","request_id":"30a0c61a910d3522450f21efb97f1e73","method":"GET","path":"/static/fervid-ds.css","status":200,"bytes":93946,"duration_ms":0,"remote_ip":"::1"}
{"time":"2026-07-28T08:11:33.765705+05:30","level":"INFO","msg":"http request completed","request_id":"e4363070322045640939ce93fe3fa1da","method":"GET","path":"/static/fervid-logo.svg","status":200,"bytes":11187,"duration_ms":0,"remote_ip":"::1"}
{"time":"2026-07-28T08:11:33.840572+05:30","level":"INFO","msg":"http request completed","request_id":"7176a7964dd59d34059a15b328234e6d","method":"POST","path":"/login","status":303,"bytes":0,"duration_ms":54,"remote_ip":"::1"}
{"time":"2026-07-28T08:11:33.842783+05:30","level":"INFO","msg":"http request completed","request_id":"9bd5856842a2223be8344be7e9c95855","method":"GET","path":"/","status":200,"bytes":8202,"duration_ms":1,"remote_ip":"::1"}
{"time":"2026-07-28T08:11:33.845008+05:30","level":"INFO","msg":"http request completed","request_id":"00ca170bd010aace4dc05caeaf0383cc","method":"GET","path":"/static/htmx.min.js","status":200,"bytes":51007,"duration_ms":0,"remote_ip":"::1"}
{"time":"2026-07-28T08:11:33.845193+05:30","level":"INFO","msg":"http request completed","request_id":"a8417b90f006e45734c33c97ecb02a5d","method":"GET","path":"/static/fervid-app.js","status":200,"bytes":20325,"duration_ms":0,"remote_ip":"::1"}
{"time":"2026-07-28T08:11:33.880806+05:30","level":"INFO","msg":"http request completed","request_id":"11a7a0e4e16b51ea8efefbf0c58d9d12","method":"GET","path":"/approvals","status":200,"bytes":12909,"duration_ms":2,"remote_ip":"::1"}
{"time":"2026-07-28T08:11:33.923972+05:30","level":"INFO","msg":"http request completed","request_id":"9934199e4cfa4cfb372b85f87491c3dd","method":"POST","path":"/login","status":303,"bytes":0,"duration_ms":52,"remote_ip":"::1"}
{"time":"2026-07-28T08:11:33.926027+05:30","level":"INFO","msg":"http request completed","request_id":"84d3395eeb5ea34b755302a6cbbfcab7","method":"GET","path":"/","status":200,"bytes":8202,"duration_ms":1,"remote_ip":"::1"}
{"time":"2026-07-28T08:11:33.928253+05:30","level":"INFO","msg":"http request completed","request_id":"558a60eacb1bc02a142ca8e72236b1f6","method":"GET","path":"/static/fervid-app.js","status":200,"bytes":20325,"duration_ms":0,"remote_ip":"::1"}
{"time":"2026-07-28T08:11:33.928306+05:30","level":"INFO","msg":"http request completed","request_id":"5f745c86c36cdd3de40594f4df45117a","method":"GET","path":"/static/htmx.min.js","status":200,"bytes":51007,"duration_ms":0,"remote_ip":"::1"}
{"time":"2026-07-28T08:11:33.962341+05:30","level":"INFO","msg":"http request completed","request_id":"6339639dfb7651f2be1e6b72cfb8644c","method":"GET","path":"/approvals","status":200,"bytes":7144,"duration_ms":1,"remote_ip":"::1"}
{"time":"2026-07-28T08:11:34.500544+05:30","level":"INFO","msg":"http request completed","request_id":"da765b4454bb3a133027558a01c1f0eb","method":"GET","path":"/login","status":200,"bytes":602,"duration_ms":0,"remote_ip":"::1"}
{"time":"2026-07-28T08:11:34.502919+05:30","level":"INFO","msg":"http request completed","request_id":"1a2f1453160efc683f4436ab179a0c96","method":"GET","path":"/static/fervid-ds.css","status":200,"bytes":93946,"duration_ms":0,"remote_ip":"::1"}
{"time":"2026-07-28T08:11:34.505204+05:30","level":"INFO","msg":"http request completed","request_id":"09ff9cb62e581e4ee9c1013a442b04c2","method":"GET","path":"/static/fervid-logo.svg","status":200,"bytes":11187,"duration_ms":0,"remote_ip":"::1"}
{"time":"2026-07-28T08:11:34.602993+05:30","level":"INFO","msg":"http request completed","request_id":"dd9e5c1a8b9ee9f883c5989b3feb9265","method":"GET","path":"/login","status":200,"bytes":602,"duration_ms":0,"remote_ip":"::1"}
{"time":"2026-07-28T08:11:34.605074+05:30","level":"INFO","msg":"http request completed","request_id":"98083a2cb6472ed7d5db82412f17758a","method":"GET","path":"/static/fervid-ds.css","status":200,"bytes":93946,"duration_ms":0,"remote_ip":"::1"}
{"time":"2026-07-28T08:11:34.607425+05:30","level":"INFO","msg":"http request completed","request_id":"ea88a62a014ab97d38d95af241d425d3","method":"GET","path":"/static/fervid-logo.svg","status":200,"bytes":11187,"duration_ms":0,"remote_ip":"::1"}
{"time":"2026-07-28T08:11:34.76067+05:30","level":"INFO","msg":"http request completed","request_id":"0294363222b84c441e7bd593d8789cd2","method":"POST","path":"/login","status":303,"bytes":0,"duration_ms":57,"remote_ip":"::1"}
{"time":"2026-07-28T08:11:34.762649+05:30","level":"INFO","msg":"http request completed","request_id":"7d4139b9fc7b8ac277bab352abde2035","method":"GET","path":"/","status":200,"bytes":8202,"duration_ms":1,"remote_ip":"::1"}
{"time":"2026-07-28T08:11:34.765241+05:30","level":"INFO","msg":"http request completed","request_id":"1bc5950570062b44b5f7ffdb3f12a126","method":"GET","path":"/static/fervid-app.js","status":200,"bytes":20325,"duration_ms":0,"remote_ip":"::1"}
{"time":"2026-07-28T08:11:34.765279+05:30","level":"INFO","msg":"http request completed","request_id":"ad272a18ff57ea16dcd212982161380c","method":"GET","path":"/static/htmx.min.js","status":200,"bytes":51007,"duration_ms":0,"remote_ip":"::1"}
{"time":"2026-07-28T08:11:34.797423+05:30","level":"INFO","msg":"http request completed","request_id":"1a01ed2a3476448dc19575802c4854e5","method":"GET","path":"/approvals","status":200,"bytes":18746,"duration_ms":2,"remote_ip":"::1"}
{"time":"2026-07-28T08:11:34.803828+05:30","level":"INFO","msg":"http request completed","request_id":"bfd032ba3e1aa297b0c00e821be31081","method":"POST","path":"/login","status":303,"bytes":0,"duration_ms":76,"remote_ip":"::1"}
{"time":"2026-07-28T08:11:34.80649+05:30","level":"INFO","msg":"http request completed","request_id":"3412c4e7b66888d10e24abecd5eeae34","method":"GET","path":"/","status":200,"bytes":8202,"duration_ms":1,"remote_ip":"::1"}
{"time":"2026-07-28T08:11:34.808953+05:30","level":"INFO","msg":"http request completed","request_id":"e8566aa6c858c568f9c89acca860f972","method":"GET","path":"/static/htmx.min.js","status":200,"bytes":51007,"duration_ms":0,"remote_ip":"::1"}
{"time":"2026-07-28T08:11:34.809184+05:30","level":"INFO","msg":"http request completed","request_id":"a6116890667b0d95ada26ee8a509338c","method":"GET","path":"/static/fervid-app.js","status":200,"bytes":20325,"duration_ms":0,"remote_ip":"::1"}
{"time":"2026-07-28T08:11:34.838889+05:30","level":"INFO","msg":"http request completed","request_id":"e5350af5976ae7f03bd400bb1d131b1f","method":"GET","path":"/requests/2","status":200,"bytes":13231,"duration_ms":1,"remote_ip":"::1"}
{"time":"2026-07-28T08:11:34.884619+05:30","level":"INFO","msg":"http request completed","request_id":"36d8ad3a52caf8eec1eb00ae254a91b2","method":"GET","path":"/login","status":200,"bytes":602,"duration_ms":0,"remote_ip":"::1"}
{"time":"2026-07-28T08:11:34.886712+05:30","level":"INFO","msg":"http request completed","request_id":"df3263272ac5a4776ccabcbaf3e56928","method":"GET","path":"/static/fervid-ds.css","status":200,"bytes":93946,"duration_ms":0,"remote_ip":"::1"}
{"time":"2026-07-28T08:11:34.889225+05:30","level":"INFO","msg":"http request completed","request_id":"1a7dd30f14240232d220098f32b63cb9","method":"GET","path":"/static/fervid-logo.svg","status":200,"bytes":11187,"duration_ms":0,"remote_ip":"::1"}
{"time":"2026-07-28T08:11:34.943202+05:30","level":"INFO","msg":"http request completed","request_id":"f173958d6499ae13c1bba16a9d73d9c4","method":"GET","path":"/login","status":200,"bytes":602,"duration_ms":0,"remote_ip":"::1"}
{"time":"2026-07-28T08:11:34.946119+05:30","level":"INFO","msg":"http request completed","request_id":"d95023fa562db80c834bb92a3715042f","method":"GET","path":"/static/fervid-ds.css","status":200,"bytes":93946,"duration_ms":0,"remote_ip":"::1"}
{"time":"2026-07-28T08:11:34.94804+05:30","level":"INFO","msg":"http request completed","request_id":"fe3371e6d186cebc6396ce161792e38b","method":"GET","path":"/static/fervid-logo.svg","status":200,"bytes":11187,"duration_ms":0,"remote_ip":"::1"}
{"time":"2026-07-28T08:11:35.033514+05:30","level":"INFO","msg":"http request completed","request_id":"a0ba596f3e8ba65401276bd40e34a2f7","method":"POST","path":"/login","status":303,"bytes":0,"duration_ms":55,"remote_ip":"::1"}
{"time":"2026-07-28T08:11:35.03728+05:30","level":"INFO","msg":"http request completed","request_id":"0850850f0cce314afe0e8fe4245d0c66","method":"GET","path":"/","status":200,"bytes":8202,"duration_ms":3,"remote_ip":"::1"}
{"time":"2026-07-28T08:11:35.039571+05:30","level":"INFO","msg":"http request completed","request_id":"7d6131e3553a6a28abc0335aaeee22f7","method":"GET","path":"/static/htmx.min.js","status":200,"bytes":51007,"duration_ms":0,"remote_ip":"::1"}
{"time":"2026-07-28T08:11:35.039576+05:30","level":"INFO","msg":"http request completed","request_id":"81751f874ad1ab0cc508fda76c593480","method":"GET","path":"/static/fervid-app.js","status":200,"bytes":20325,"duration_ms":0,"remote_ip":"::1"}
{"time":"2026-07-28T08:11:35.07285+05:30","level":"INFO","msg":"http request completed","request_id":"16c79d2ccbe0281fdaa2752a1b46d8ad","method":"GET","path":"/requests/2","status":200,"bytes":13231,"duration_ms":1,"remote_ip":"::1"}
{"time":"2026-07-28T08:11:35.093373+05:30","level":"INFO","msg":"http request completed","request_id":"dee5f96f4616cf697e25235644bd1ca3","method":"POST","path":"/login","status":303,"bytes":0,"duration_ms":56,"remote_ip":"::1"}
{"time":"2026-07-28T08:11:35.095947+05:30","level":"INFO","msg":"http request completed","request_id":"ce327d0af210341987c787b4fc6cdc1b","method":"GET","path":"/","status":200,"bytes":8202,"duration_ms":1,"remote_ip":"::1"}
{"time":"2026-07-28T08:11:35.098591+05:30","level":"INFO","msg":"http request completed","request_id":"c8c71ee12ac732602ac1005daf96a11b","method":"GET","path":"/static/htmx.min.js","status":200,"bytes":51007,"duration_ms":0,"remote_ip":"::1"}
{"time":"2026-07-28T08:11:35.098779+05:30","level":"INFO","msg":"http request completed","request_id":"696d325308c63933eccd556382db66e6","method":"GET","path":"/static/fervid-app.js","status":200,"bytes":20325,"duration_ms":0,"remote_ip":"::1"}
{"time":"2026-07-28T08:11:35.144475+05:30","level":"INFO","msg":"http request completed","request_id":"dc33784e3eb6c0e46094183409c35a4f","method":"GET","path":"/requests/2","status":200,"bytes":13231,"duration_ms":1,"remote_ip":"::1"}
{"time":"2026-07-28T08:11:35.787301+05:30","level":"INFO","msg":"http request completed","request_id":"916a6399163dfccaffacd858a6db20ba","method":"GET","path":"/login","status":200,"bytes":602,"duration_ms":0,"remote_ip":"::1"}
{"time":"2026-07-28T08:11:35.789551+05:30","level":"INFO","msg":"http request completed","request_id":"e5fae9afb78147a3c8c21dce08bc8ea9","method":"GET","path":"/static/fervid-ds.css","status":200,"bytes":93946,"duration_ms":0,"remote_ip":"::1"}
{"time":"2026-07-28T08:11:35.792398+05:30","level":"INFO","msg":"http request completed","request_id":"f7cf55763463b345c39fe8e10f5c2ee6","method":"GET","path":"/static/fervid-logo.svg","status":200,"bytes":11187,"duration_ms":0,"remote_ip":"::1"}
{"time":"2026-07-28T08:11:35.923145+05:30","level":"INFO","msg":"http request completed","request_id":"bed2293d662f3b0fe685ea39282a2a46","method":"GET","path":"/login","status":200,"bytes":602,"duration_ms":0,"remote_ip":"::1"}
{"time":"2026-07-28T08:11:35.925281+05:30","level":"INFO","msg":"http request completed","request_id":"79b3946d9c59300795577dd621c37c2e","method":"GET","path":"/static/fervid-ds.css","status":200,"bytes":93946,"duration_ms":0,"remote_ip":"::1"}
{"time":"2026-07-28T08:11:35.927664+05:30","level":"INFO","msg":"http request completed","request_id":"dcd86eb2d45536cc786f25d258c1bdbc","method":"GET","path":"/static/fervid-logo.svg","status":200,"bytes":11187,"duration_ms":0,"remote_ip":"::1"}
{"time":"2026-07-28T08:11:35.934166+05:30","level":"INFO","msg":"http request completed","request_id":"06951699e6a93e985c1cc879b753635c","method":"POST","path":"/login","status":303,"bytes":0,"duration_ms":64,"remote_ip":"::1"}
{"time":"2026-07-28T08:11:35.937073+05:30","level":"INFO","msg":"http request completed","request_id":"cb0a33612371a82d1fc124c368ae4bf6","method":"GET","path":"/","status":200,"bytes":8202,"duration_ms":1,"remote_ip":"::1"}
{"time":"2026-07-28T08:11:35.939379+05:30","level":"INFO","msg":"http request completed","request_id":"943ba99bba57614ed3d8d989bce076b7","method":"GET","path":"/static/htmx.min.js","status":200,"bytes":51007,"duration_ms":0,"remote_ip":"::1"}
{"time":"2026-07-28T08:11:35.939527+05:30","level":"INFO","msg":"http request completed","request_id":"fd3410ff9f1dd2f6a162ff9d496bcf6c","method":"GET","path":"/static/fervid-app.js","status":200,"bytes":20325,"duration_ms":0,"remote_ip":"::1"}
{"time":"2026-07-28T08:11:35.969911+05:30","level":"INFO","msg":"http request completed","request_id":"40ab93e319a0d36b29aa3a247492a5c6","method":"GET","path":"/requests/2","status":200,"bytes":13231,"duration_ms":1,"remote_ip":"::1"}
{"time":"2026-07-28T08:11:36.077794+05:30","level":"INFO","msg":"http request completed","request_id":"c7a2c0b2b0c0fc5e58724bb41196e5c4","method":"GET","path":"/login","status":200,"bytes":602,"duration_ms":0,"remote_ip":"::1"}
{"time":"2026-07-28T08:11:36.079659+05:30","level":"INFO","msg":"http request completed","request_id":"64abcdf74439a5c79eef2cbbc76fcf01","method":"GET","path":"/static/fervid-ds.css","status":200,"bytes":93946,"duration_ms":0,"remote_ip":"::1"}
{"time":"2026-07-28T08:11:36.081972+05:30","level":"INFO","msg":"http request completed","request_id":"10c3da3eff074270ab685b7457783d0e","method":"GET","path":"/static/fervid-logo.svg","status":200,"bytes":11187,"duration_ms":0,"remote_ip":"::1"}
{"time":"2026-07-28T08:11:36.106825+05:30","level":"INFO","msg":"http request completed","request_id":"ce7266a39d029992e0abb4133d7d19a0","method":"POST","path":"/login","status":303,"bytes":0,"duration_ms":78,"remote_ip":"::1"}
{"time":"2026-07-28T08:11:36.109336+05:30","level":"INFO","msg":"http request completed","request_id":"06a40ab349d2d5a27078fbae9244f827","method":"GET","path":"/","status":200,"bytes":8202,"duration_ms":1,"remote_ip":"::1"}
{"time":"2026-07-28T08:11:36.111424+05:30","level":"INFO","msg":"http request completed","request_id":"050f3aa5cff3540e81c7ee6aca90e503","method":"GET","path":"/static/htmx.min.js","status":200,"bytes":51007,"duration_ms":0,"remote_ip":"::1"}
{"time":"2026-07-28T08:11:36.111546+05:30","level":"INFO","msg":"http request completed","request_id":"a1a4e11b58c0493faf281563dbe46e0a","method":"GET","path":"/static/fervid-app.js","status":200,"bytes":20325,"duration_ms":0,"remote_ip":"::1"}
{"time":"2026-07-28T08:11:36.14329+05:30","level":"INFO","msg":"http request completed","request_id":"40cc2d7028896536a7b134f4a6c4830b","method":"GET","path":"/login","status":200,"bytes":602,"duration_ms":0,"remote_ip":"::1"}
{"time":"2026-07-28T08:11:36.145716+05:30","level":"INFO","msg":"http request completed","request_id":"9f98d54577c92f0ad55b1ec8ab976273","method":"GET","path":"/static/fervid-ds.css","status":200,"bytes":93946,"duration_ms":0,"remote_ip":"::1"}
{"time":"2026-07-28T08:11:36.147851+05:30","level":"INFO","msg":"http request completed","request_id":"76733a3ca740853b90895ae6a61f55cf","method":"GET","path":"/static/fervid-logo.svg","status":200,"bytes":11187,"duration_ms":0,"remote_ip":"::1"}
{"time":"2026-07-28T08:11:36.154259+05:30","level":"INFO","msg":"http request completed","request_id":"d7065cdca3b9c3167e6ca5b9c73ba8d4","method":"GET","path":"/requests/2","status":200,"bytes":13231,"duration_ms":1,"remote_ip":"::1"}
{"time":"2026-07-28T08:11:36.209634+05:30","level":"INFO","msg":"http request completed","request_id":"46b5c4c666a0db4c5fa3b155335ed976","method":"POST","path":"/login","status":303,"bytes":0,"duration_ms":56,"remote_ip":"::1"}
{"time":"2026-07-28T08:11:36.212437+05:30","level":"INFO","msg":"http request completed","request_id":"1b0cccff64e98dcbadc8b1f06839b9b2","method":"GET","path":"/","status":200,"bytes":8202,"duration_ms":1,"remote_ip":"::1"}
{"time":"2026-07-28T08:11:36.216375+05:30","level":"INFO","msg":"http request completed","request_id":"8a7b4179cb9d7569c3bc4ba2c5f2a467","method":"GET","path":"/static/htmx.min.js","status":200,"bytes":51007,"duration_ms":0,"remote_ip":"::1"}
{"time":"2026-07-28T08:11:36.216494+05:30","level":"INFO","msg":"http request completed","request_id":"2cb0b72528043c407f6c7ff678f6e707","method":"GET","path":"/static/fervid-app.js","status":200,"bytes":20325,"duration_ms":0,"remote_ip":"::1"}
{"time":"2026-07-28T08:11:36.251769+05:30","level":"INFO","msg":"http request completed","request_id":"254221dc7c2ceef456a0ebb20c48026a","method":"GET","path":"/requests/96/cancellation","status":200,"bytes":10248,"duration_ms":2,"remote_ip":"::1"}
{"time":"2026-07-28T08:11:36.281247+05:30","level":"INFO","msg":"http request completed","request_id":"85a199ca021a84a66d6e6d2a980e9fa5","method":"POST","path":"/login","status":303,"bytes":0,"duration_ms":53,"remote_ip":"::1"}
{"time":"2026-07-28T08:11:36.293352+05:30","level":"INFO","msg":"http request completed","request_id":"945adee3474a2536a4ea2ec7bad47c24","method":"GET","path":"/","status":200,"bytes":8202,"duration_ms":7,"remote_ip":"::1"}
{"time":"2026-07-28T08:11:36.29578+05:30","level":"INFO","msg":"http request completed","request_id":"726c0cb506db26a906e1ce8d4cbfddc2","method":"GET","path":"/static/htmx.min.js","status":200,"bytes":51007,"duration_ms":0,"remote_ip":"::1"}
{"time":"2026-07-28T08:11:36.295856+05:30","level":"INFO","msg":"http request completed","request_id":"bf4a03b6c5e0cf7f3f3e48944a99442b","method":"GET","path":"/static/fervid-app.js","status":200,"bytes":20325,"duration_ms":0,"remote_ip":"::1"}
{"time":"2026-07-28T08:11:36.332415+05:30","level":"INFO","msg":"http request completed","request_id":"74c3adda08f522b630e38e6bfb50cc1a","method":"GET","path":"/requests/96/cancellation","status":200,"bytes":10248,"duration_ms":1,"remote_ip":"::1"}
{"time":"2026-07-28T08:11:36.969483+05:30","level":"INFO","msg":"http request completed","request_id":"5d751b38ba5a67067b102d7e7d19d7d7","method":"GET","path":"/login","status":200,"bytes":602,"duration_ms":0,"remote_ip":"::1"}
{"time":"2026-07-28T08:11:36.97233+05:30","level":"INFO","msg":"http request completed","request_id":"4d00657d96096a1ee2469ec8d84f76d0","method":"GET","path":"/static/fervid-ds.css","status":200,"bytes":93946,"duration_ms":0,"remote_ip":"::1"}
{"time":"2026-07-28T08:11:36.974287+05:30","level":"INFO","msg":"http request completed","request_id":"3623a390420188181fd09a4f79c5d2ce","method":"GET","path":"/static/fervid-logo.svg","status":200,"bytes":11187,"duration_ms":0,"remote_ip":"::1"}
{"time":"2026-07-28T08:11:37.118453+05:30","level":"INFO","msg":"http request completed","request_id":"82905456b40618b4aad1f141a59bbff8","method":"POST","path":"/login","status":303,"bytes":0,"duration_ms":57,"remote_ip":"::1"}
{"time":"2026-07-28T08:11:37.120326+05:30","level":"INFO","msg":"http request completed","request_id":"5efb17c58c1e4702836feb00c129424f","method":"GET","path":"/","status":200,"bytes":8202,"duration_ms":1,"remote_ip":"::1"}
{"time":"2026-07-28T08:11:37.122691+05:30","level":"INFO","msg":"http request completed","request_id":"50a1985cd52dfe8fdd54bedc4d1d8f5c","method":"GET","path":"/static/htmx.min.js","status":200,"bytes":51007,"duration_ms":0,"remote_ip":"::1"}
{"time":"2026-07-28T08:11:37.122901+05:30","level":"INFO","msg":"http request completed","request_id":"9a2b69b8841016d648aa9be9a9a695da","method":"GET","path":"/static/fervid-app.js","status":200,"bytes":20325,"duration_ms":0,"remote_ip":"::1"}
{"time":"2026-07-28T08:11:37.153606+05:30","level":"INFO","msg":"http request completed","request_id":"74e9ea844cfd79860d53d9b9db9ece0a","method":"GET","path":"/requests/96/cancellation","status":200,"bytes":10248,"duration_ms":1,"remote_ip":"::1"}
{"time":"2026-07-28T08:11:37.165954+05:30","level":"INFO","msg":"http request completed","request_id":"23c460ac5c14689f6c6900f932172c9f","method":"GET","path":"/login","status":200,"bytes":602,"duration_ms":0,"remote_ip":"::1"}
{"time":"2026-07-28T08:11:37.170746+05:30","level":"INFO","msg":"http request completed","request_id":"4d6dd5f12471cc0c9838d7b81b7c4749","method":"GET","path":"/static/fervid-ds.css","status":200,"bytes":93946,"duration_ms":0,"remote_ip":"::1"}
{"time":"2026-07-28T08:11:37.173549+05:30","level":"INFO","msg":"http request completed","request_id":"a5c1fae86c0adff18829d66d1b946d12","method":"GET","path":"/static/fervid-logo.svg","status":200,"bytes":11187,"duration_ms":0,"remote_ip":"::1"}
{"time":"2026-07-28T08:11:37.179701+05:30","level":"INFO","msg":"http request completed","request_id":"e883f497f59ba4caf464d38c76fa45c0","method":"GET","path":"/login","status":200,"bytes":602,"duration_ms":0,"remote_ip":"::1"}
{"time":"2026-07-28T08:11:37.182913+05:30","level":"INFO","msg":"http request completed","request_id":"8e138f067b9b89933f6f31f0edc10635","method":"GET","path":"/static/fervid-ds.css","status":200,"bytes":93946,"duration_ms":0,"remote_ip":"::1"}
{"time":"2026-07-28T08:11:37.186006+05:30","level":"INFO","msg":"http request completed","request_id":"4bb7b5ac0e0862def119c8f99fbbd44f","method":"GET","path":"/static/fervid-logo.svg","status":200,"bytes":11187,"duration_ms":0,"remote_ip":"::1"}
{"time":"2026-07-28T08:11:37.30548+05:30","level":"INFO","msg":"http request completed","request_id":"38cd4929ba6f2796e244702b08eb766e","method":"GET","path":"/login","status":200,"bytes":602,"duration_ms":0,"remote_ip":"::1"}
{"time":"2026-07-28T08:11:37.30744+05:30","level":"INFO","msg":"http request completed","request_id":"f22c5567cda7e99ff2d79c52122c2bef","method":"GET","path":"/static/fervid-ds.css","status":200,"bytes":93946,"duration_ms":0,"remote_ip":"::1"}
{"time":"2026-07-28T08:11:37.309681+05:30","level":"INFO","msg":"http request completed","request_id":"07a68cd6319e84518b13f752167dfcd8","method":"GET","path":"/static/fervid-logo.svg","status":200,"bytes":11187,"duration_ms":0,"remote_ip":"::1"}
{"time":"2026-07-28T08:11:37.313706+05:30","level":"INFO","msg":"http request completed","request_id":"e69392441243bc0815dfc97dd852850f","method":"POST","path":"/login","status":303,"bytes":0,"duration_ms":52,"remote_ip":"::1"}
{"time":"2026-07-28T08:11:37.315063+05:30","level":"INFO","msg":"http request completed","request_id":"3cc10f8d8b2312239aa0d16331729f69","method":"POST","path":"/login","status":303,"bytes":0,"duration_ms":53,"remote_ip":"::1"}
{"time":"2026-07-28T08:11:37.316052+05:30","level":"INFO","msg":"http request completed","request_id":"e78ea757b6afb06e553f27c19667ff1c","method":"GET","path":"/","status":200,"bytes":8202,"duration_ms":1,"remote_ip":"::1"}
{"time":"2026-07-28T08:11:37.317106+05:30","level":"INFO","msg":"http request completed","request_id":"cfce4030e5adbb758f1f1f9852d7e0b6","method":"GET","path":"/","status":200,"bytes":8202,"duration_ms":0,"remote_ip":"::1"}
{"time":"2026-07-28T08:11:37.318882+05:30","level":"INFO","msg":"http request completed","request_id":"936204d69ef7945fce5e466cf4911957","method":"GET","path":"/static/htmx.min.js","status":200,"bytes":51007,"duration_ms":0,"remote_ip":"::1"}
{"time":"2026-07-28T08:11:37.318888+05:30","level":"INFO","msg":"http request completed","request_id":"08e3844128ee6bd6d503fb510102f15f","method":"GET","path":"/static/fervid-app.js","status":200,"bytes":20325,"duration_ms":0,"remote_ip":"::1"}
{"time":"2026-07-28T08:11:37.31938+05:30","level":"INFO","msg":"http request completed","request_id":"06a74c38569eca00f1a6504acdf41652","method":"GET","path":"/static/fervid-app.js","status":200,"bytes":20325,"duration_ms":0,"remote_ip":"::1"}
{"time":"2026-07-28T08:11:37.319426+05:30","level":"INFO","msg":"http request completed","request_id":"d499818ae91a4f3ae19a39ed2a314ad9","method":"GET","path":"/static/htmx.min.js","status":200,"bytes":51007,"duration_ms":0,"remote_ip":"::1"}
{"time":"2026-07-28T08:11:37.352763+05:30","level":"INFO","msg":"http request completed","request_id":"91a3b3421375653286e2d467a825ea18","method":"GET","path":"/requests/151/partial-review","status":200,"bytes":11313,"duration_ms":1,"remote_ip":"::1"}
{"time":"2026-07-28T08:11:37.352801+05:30","level":"INFO","msg":"http request completed","request_id":"60960018d386ad7e52dc42266f6f220f","method":"GET","path":"/requests/71/cancellation","status":200,"bytes":8084,"duration_ms":3,"remote_ip":"::1"}
{"time":"2026-07-28T08:11:37.442623+05:30","level":"INFO","msg":"http request completed","request_id":"4a62ab35c551864d5dde4f2b20f908d7","method":"POST","path":"/login","status":303,"bytes":0,"duration_ms":56,"remote_ip":"::1"}
{"time":"2026-07-28T08:11:37.444675+05:30","level":"INFO","msg":"http request completed","request_id":"74a9df7f297aa8364d1b4a30d59b4da5","method":"GET","path":"/","status":200,"bytes":8202,"duration_ms":1,"remote_ip":"::1"}
{"time":"2026-07-28T08:11:37.446855+05:30","level":"INFO","msg":"http request completed","request_id":"66efb57d05a8eba9cfc2f1afd559be6e","method":"GET","path":"/static/fervid-app.js","status":200,"bytes":20325,"duration_ms":0,"remote_ip":"::1"}
{"time":"2026-07-28T08:11:37.446896+05:30","level":"INFO","msg":"http request completed","request_id":"5653006adbbfa54482257ff2d249499e","method":"GET","path":"/static/htmx.min.js","status":200,"bytes":51007,"duration_ms":0,"remote_ip":"::1"}
{"time":"2026-07-28T08:11:37.47781+05:30","level":"INFO","msg":"http request completed","request_id":"676a12beaffd1bc0721b2849c207f9b7","method":"GET","path":"/requests/151/partial-review","status":200,"bytes":11313,"duration_ms":0,"remote_ip":"::1"}
{"time":"2026-07-28T08:11:38.107811+05:30","level":"INFO","msg":"http request completed","request_id":"28caa86b2425a4c4d2d031e16bf1101a","method":"GET","path":"/login","status":200,"bytes":602,"duration_ms":0,"remote_ip":"::1"}
{"time":"2026-07-28T08:11:38.110069+05:30","level":"INFO","msg":"http request completed","request_id":"08945e867b212a420344c315149d12ec","method":"GET","path":"/static/fervid-ds.css","status":200,"bytes":93946,"duration_ms":0,"remote_ip":"::1"}
{"time":"2026-07-28T08:11:38.112432+05:30","level":"INFO","msg":"http request completed","request_id":"fa43bd46cc56caa1b0c841e6fae67766","method":"GET","path":"/static/fervid-logo.svg","status":200,"bytes":11187,"duration_ms":0,"remote_ip":"::1"}
{"time":"2026-07-28T08:11:38.259637+05:30","level":"INFO","msg":"http request completed","request_id":"bddc5a8d84133605b9b26a4020dacdd7","method":"POST","path":"/login","status":303,"bytes":0,"duration_ms":56,"remote_ip":"::1"}
{"time":"2026-07-28T08:11:38.262436+05:30","level":"INFO","msg":"http request completed","request_id":"c33e4b2ce9b0ed03033245e3ba29b5c1","method":"GET","path":"/","status":200,"bytes":8202,"duration_ms":1,"remote_ip":"::1"}
{"time":"2026-07-28T08:11:38.264828+05:30","level":"INFO","msg":"http request completed","request_id":"bdbe338cafde5465864ca59c4c71e9b0","method":"GET","path":"/static/htmx.min.js","status":200,"bytes":51007,"duration_ms":0,"remote_ip":"::1"}
{"time":"2026-07-28T08:11:38.264843+05:30","level":"INFO","msg":"http request completed","request_id":"397eaacabffcaa59475fa1d361bf8b7b","method":"GET","path":"/static/fervid-app.js","status":200,"bytes":20325,"duration_ms":0,"remote_ip":"::1"}
{"time":"2026-07-28T08:11:38.285982+05:30","level":"INFO","msg":"http request completed","request_id":"aad5239d0290a58f465c27c9639f0f0e","method":"GET","path":"/login","status":200,"bytes":602,"duration_ms":0,"remote_ip":"::1"}
{"time":"2026-07-28T08:11:38.287989+05:30","level":"INFO","msg":"http request completed","request_id":"2b4317aa62b60d5437ed2e6ded2ddeca","method":"GET","path":"/static/fervid-ds.css","status":200,"bytes":93946,"duration_ms":0,"remote_ip":"::1"}
{"time":"2026-07-28T08:11:38.290418+05:30","level":"INFO","msg":"http request completed","request_id":"e452b78c526b80e0f9d15668b26d1f4a","method":"GET","path":"/static/fervid-logo.svg","status":200,"bytes":11187,"duration_ms":0,"remote_ip":"::1"}
{"time":"2026-07-28T08:11:38.308482+05:30","level":"INFO","msg":"http request completed","request_id":"f4787be8b5c97c8e731b185d53395f14","method":"GET","path":"/requests/151/partial-review","status":200,"bytes":11313,"duration_ms":1,"remote_ip":"::1"}
{"time":"2026-07-28T08:11:38.318232+05:30","level":"INFO","msg":"http request completed","request_id":"6fd27b9f2b2c6e5c1fa0d2f3a9c0e764","method":"GET","path":"/login","status":200,"bytes":602,"duration_ms":0,"remote_ip":"::1"}
{"time":"2026-07-28T08:11:38.32048+05:30","level":"INFO","msg":"http request completed","request_id":"b9e615712a886f38e5ab7dd3c940dd4f","method":"GET","path":"/static/fervid-ds.css","status":200,"bytes":93946,"duration_ms":0,"remote_ip":"::1"}
{"time":"2026-07-28T08:11:38.322581+05:30","level":"INFO","msg":"http request completed","request_id":"2f76f288fc2c99955a0faeadceed7a87","method":"GET","path":"/static/fervid-logo.svg","status":200,"bytes":11187,"duration_ms":0,"remote_ip":"::1"}
{"time":"2026-07-28T08:11:38.425494+05:30","level":"INFO","msg":"http request completed","request_id":"41f3514771cf0373a8e77da12bcd30fa","method":"POST","path":"/login","status":303,"bytes":0,"duration_ms":55,"remote_ip":"::1"}
{"time":"2026-07-28T08:11:38.427651+05:30","level":"INFO","msg":"http request completed","request_id":"e08afee6c65b657d54f0b6c729a5b8b2","method":"GET","path":"/","status":200,"bytes":8202,"duration_ms":1,"remote_ip":"::1"}
{"time":"2026-07-28T08:11:38.430108+05:30","level":"INFO","msg":"http request completed","request_id":"f66f9777f90485fd13a108fa21d8cdd4","method":"GET","path":"/static/htmx.min.js","status":200,"bytes":51007,"duration_ms":0,"remote_ip":"::1"}
{"time":"2026-07-28T08:11:38.430787+05:30","level":"INFO","msg":"http request completed","request_id":"b27acae3299825fca7171c5c7b733566","method":"GET","path":"/static/fervid-app.js","status":200,"bytes":20325,"duration_ms":0,"remote_ip":"::1"}
{"time":"2026-07-28T08:11:38.448647+05:30","level":"INFO","msg":"http request completed","request_id":"f5c87196ac722a54a75287c12cc780de","method":"POST","path":"/login","status":303,"bytes":0,"duration_ms":54,"remote_ip":"::1"}
{"time":"2026-07-28T08:11:38.450682+05:30","level":"INFO","msg":"http request completed","request_id":"de73b4f1cfce0d2f54766c13b251e6cf","method":"GET","path":"/","status":200,"bytes":8202,"duration_ms":1,"remote_ip":"::1"}
{"time":"2026-07-28T08:11:38.453008+05:30","level":"INFO","msg":"http request completed","request_id":"f6d64faba52fe648dde1d3fca5c60193","method":"GET","path":"/static/fervid-app.js","status":200,"bytes":20325,"duration_ms":0,"remote_ip":"::1"}
{"time":"2026-07-28T08:11:38.453169+05:30","level":"INFO","msg":"http request completed","request_id":"cddaf8f1eb28ac59097bd552274d06c8","method":"GET","path":"/static/htmx.min.js","status":200,"bytes":51007,"duration_ms":0,"remote_ip":"::1"}
{"time":"2026-07-28T08:11:38.461109+05:30","level":"INFO","msg":"http request completed","request_id":"dd1246f29b99748908320a31e3b2f60e","method":"GET","path":"/requests/45","status":200,"bytes":7670,"duration_ms":1,"remote_ip":"::1"}
{"time":"2026-07-28T08:11:38.486144+05:30","level":"INFO","msg":"http request completed","request_id":"a4d19431ac962897da06381c968a34db","method":"GET","path":"/requests/106","status":200,"bytes":9005,"duration_ms":1,"remote_ip":"::1"}
{"time":"2026-07-28T08:11:38.49249+05:30","level":"INFO","msg":"http request completed","request_id":"cf9370c558c5dc8efb2845fcdc233a3a","method":"GET","path":"/login","status":200,"bytes":602,"duration_ms":0,"remote_ip":"::1"}
{"time":"2026-07-28T08:11:38.494556+05:30","level":"INFO","msg":"http request completed","request_id":"b593af0c2066108edaefb90229f5347c","method":"GET","path":"/static/fervid-ds.css","status":200,"bytes":93946,"duration_ms":0,"remote_ip":"::1"}
{"time":"2026-07-28T08:11:38.497053+05:30","level":"INFO","msg":"http request completed","request_id":"a833ccc0e37c9c055ab8d2fa372d7526","method":"GET","path":"/static/fervid-logo.svg","status":200,"bytes":11187,"duration_ms":0,"remote_ip":"::1"}
{"time":"2026-07-28T08:11:38.634257+05:30","level":"INFO","msg":"http request completed","request_id":"4602df1efcaf8908f3ffc85c615fbdf2","method":"POST","path":"/login","status":303,"bytes":0,"duration_ms":56,"remote_ip":"::1"}
{"time":"2026-07-28T08:11:38.636162+05:30","level":"INFO","msg":"http request completed","request_id":"2c69c4dc26b79cad89901fea9c55f326","method":"GET","path":"/","status":200,"bytes":8202,"duration_ms":1,"remote_ip":"::1"}
{"time":"2026-07-28T08:11:38.638462+05:30","level":"INFO","msg":"http request completed","request_id":"5b4c600122fb1c510923946367f43a22","method":"GET","path":"/static/fervid-app.js","status":200,"bytes":20325,"duration_ms":0,"remote_ip":"::1"}
{"time":"2026-07-28T08:11:38.638515+05:30","level":"INFO","msg":"http request completed","request_id":"ae8f3482829101343fdcc0f45a214f95","method":"GET","path":"/static/htmx.min.js","status":200,"bytes":51007,"duration_ms":0,"remote_ip":"::1"}
{"time":"2026-07-28T08:11:38.683277+05:30","level":"INFO","msg":"http request completed","request_id":"51d4137e8d1c83d024ef0ffb4291a578","method":"GET","path":"/grid","status":200,"bytes":324792,"duration_ms":14,"remote_ip":"::1"}
{"time":"2026-07-28T08:11:39.322921+05:30","level":"INFO","msg":"http request completed","request_id":"d7852e82af797c3c2e77dafa62e0b106","method":"GET","path":"/login","status":200,"bytes":602,"duration_ms":0,"remote_ip":"::1"}
{"time":"2026-07-28T08:11:39.325002+05:30","level":"INFO","msg":"http request completed","request_id":"62cb58dd47dc27a5a53568b57f07a199","method":"GET","path":"/static/fervid-ds.css","status":200,"bytes":93946,"duration_ms":0,"remote_ip":"::1"}
{"time":"2026-07-28T08:11:39.327458+05:30","level":"INFO","msg":"http request completed","request_id":"d007627d49b1bb173eeccc8e79151628","method":"GET","path":"/static/fervid-logo.svg","status":200,"bytes":11187,"duration_ms":0,"remote_ip":"::1"}
{"time":"2026-07-28T08:11:39.396239+05:30","level":"INFO","msg":"http request completed","request_id":"24026a9c925ae0eecd68e6446dee19dc","method":"GET","path":"/login","status":200,"bytes":602,"duration_ms":0,"remote_ip":"::1"}
{"time":"2026-07-28T08:11:39.398357+05:30","level":"INFO","msg":"http request completed","request_id":"bae21212bb17bf22e902905a1f633681","method":"GET","path":"/static/fervid-ds.css","status":200,"bytes":93946,"duration_ms":0,"remote_ip":"::1"}
{"time":"2026-07-28T08:11:39.400798+05:30","level":"INFO","msg":"http request completed","request_id":"e32ff55d29522afb8d263c9437d061dd","method":"GET","path":"/static/fervid-logo.svg","status":200,"bytes":11187,"duration_ms":0,"remote_ip":"::1"}
{"time":"2026-07-28T08:11:39.46197+05:30","level":"INFO","msg":"http request completed","request_id":"fd9c5a06f89e2b40512cf2f9d9c8a9db","method":"POST","path":"/login","status":303,"bytes":0,"duration_ms":58,"remote_ip":"::1"}
{"time":"2026-07-28T08:11:39.463813+05:30","level":"INFO","msg":"http request completed","request_id":"df022ca3f325cbe2f0aa2e01ff881a03","method":"GET","path":"/","status":200,"bytes":8202,"duration_ms":1,"remote_ip":"::1"}
{"time":"2026-07-28T08:11:39.466479+05:30","level":"INFO","msg":"http request completed","request_id":"4b7f413716724e49e31700da60e50005","method":"GET","path":"/static/htmx.min.js","status":200,"bytes":51007,"duration_ms":0,"remote_ip":"::1"}
{"time":"2026-07-28T08:11:39.466483+05:30","level":"INFO","msg":"http request completed","request_id":"11f3faaaf2307c12aab2b36db30d399e","method":"GET","path":"/static/fervid-app.js","status":200,"bytes":20325,"duration_ms":0,"remote_ip":"::1"}
{"time":"2026-07-28T08:11:39.500141+05:30","level":"INFO","msg":"http request completed","request_id":"a096923da79dc71b753b5c08092ca2ae","method":"GET","path":"/reports/monthly","status":200,"bytes":6402,"duration_ms":2,"remote_ip":"::1"}
{"time":"2026-07-28T08:11:39.539359+05:30","level":"INFO","msg":"http request completed","request_id":"515ff76d690ec29eefaec9043b28fa4a","method":"GET","path":"/login","status":200,"bytes":602,"duration_ms":0,"remote_ip":"::1"}
{"time":"2026-07-28T08:11:39.541714+05:30","level":"INFO","msg":"http request completed","request_id":"8d85d88e6f9e90e5669c2bc82328e33f","method":"GET","path":"/static/fervid-ds.css","status":200,"bytes":93946,"duration_ms":0,"remote_ip":"::1"}
{"time":"2026-07-28T08:11:39.544426+05:30","level":"INFO","msg":"http request completed","request_id":"807a34dde76fcf916f507b9cd4e3f517","method":"GET","path":"/static/fervid-logo.svg","status":200,"bytes":11187,"duration_ms":0,"remote_ip":"::1"}
{"time":"2026-07-28T08:11:39.55478+05:30","level":"INFO","msg":"http request completed","request_id":"11d1cf1c21c857d764f17b97ed14d1e4","method":"POST","path":"/login","status":303,"bytes":0,"duration_ms":59,"remote_ip":"::1"}
{"time":"2026-07-28T08:11:39.557437+05:30","level":"INFO","msg":"http request completed","request_id":"b6f6637a1b3b3bed8962c2bcb85b11cc","method":"GET","path":"/","status":200,"bytes":8202,"duration_ms":1,"remote_ip":"::1"}
{"time":"2026-07-28T08:11:39.56043+05:30","level":"INFO","msg":"http request completed","request_id":"ae8588b3bd7c1499f9b6b889b27cadc1","method":"GET","path":"/static/fervid-app.js","status":200,"bytes":20325,"duration_ms":0,"remote_ip":"::1"}
{"time":"2026-07-28T08:11:39.560543+05:30","level":"INFO","msg":"http request completed","request_id":"e1c6de93f5aedd37327f34fb47993f97","method":"GET","path":"/static/htmx.min.js","status":200,"bytes":51007,"duration_ms":0,"remote_ip":"::1"}
{"time":"2026-07-28T08:11:39.592298+05:30","level":"INFO","msg":"http request completed","request_id":"61642bda2ebbd91aa7764becd1ae168a","method":"GET","path":"/reports/projects","status":200,"bytes":13558,"duration_ms":1,"remote_ip":"::1"}
{"time":"2026-07-28T08:11:39.675937+05:30","level":"INFO","msg":"http request completed","request_id":"ec77f36819ca92d5183ef457ae0925c3","method":"POST","path":"/login","status":303,"bytes":0,"duration_ms":56,"remote_ip":"::1"}
{"time":"2026-07-28T08:11:39.678826+05:30","level":"INFO","msg":"http request completed","request_id":"ff41f2f05b854b96abb9922d35b1468c","method":"GET","path":"/","status":200,"bytes":8202,"duration_ms":1,"remote_ip":"::1"}
{"time":"2026-07-28T08:11:39.681132+05:30","level":"INFO","msg":"http request completed","request_id":"35014392ee08ab7279f27136bd1065ac","method":"GET","path":"/static/htmx.min.js","status":200,"bytes":51007,"duration_ms":0,"remote_ip":"::1"}
{"time":"2026-07-28T08:11:39.68148+05:30","level":"INFO","msg":"http request completed","request_id":"7fa0ee31c7d55aa5d9a464151906314d","method":"GET","path":"/static/fervid-app.js","status":200,"bytes":20325,"duration_ms":0,"remote_ip":"::1"}
{"time":"2026-07-28T08:11:39.713336+05:30","level":"INFO","msg":"http request completed","request_id":"a7a9eae3488f6ab038a9ff7efb6e45e7","method":"GET","path":"/reports/heads","status":200,"bytes":87786,"duration_ms":4,"remote_ip":"::1"}
{"time":"2026-07-28T08:11:40.436056+05:30","level":"INFO","msg":"http request completed","request_id":"a850ede836c1f9ed1b487df7200c7608","method":"GET","path":"/login","status":200,"bytes":602,"duration_ms":0,"remote_ip":"::1"}
{"time":"2026-07-28T08:11:40.439248+05:30","level":"INFO","msg":"http request completed","request_id":"c5383aab7ab49debbef01804d8841315","method":"GET","path":"/static/fervid-ds.css","status":200,"bytes":93946,"duration_ms":0,"remote_ip":"::1"}
{"time":"2026-07-28T08:11:40.444179+05:30","level":"INFO","msg":"http request completed","request_id":"a6a88ab81051227da878a8fd462412e3","method":"GET","path":"/static/fervid-logo.svg","status":200,"bytes":11187,"duration_ms":0,"remote_ip":"::1"}
{"time":"2026-07-28T08:11:40.613464+05:30","level":"INFO","msg":"http request completed","request_id":"e11e1a6811432cb69044b8c1ea7e6528","method":"POST","path":"/login","status":303,"bytes":0,"duration_ms":84,"remote_ip":"::1"}
{"time":"2026-07-28T08:11:40.617516+05:30","level":"INFO","msg":"http request completed","request_id":"9bf935645eb53193c1ac85ecd33be52b","method":"GET","path":"/","status":200,"bytes":8202,"duration_ms":3,"remote_ip":"::1"}
{"time":"2026-07-28T08:11:40.620409+05:30","level":"INFO","msg":"http request completed","request_id":"b0414a8744f0dee079527cbc2420fa3e","method":"GET","path":"/static/fervid-app.js","status":200,"bytes":20325,"duration_ms":0,"remote_ip":"::1"}
{"time":"2026-07-28T08:11:40.620413+05:30","level":"INFO","msg":"http request completed","request_id":"42caec04d278dee8d1fc59e223560f03","method":"GET","path":"/static/htmx.min.js","status":200,"bytes":51007,"duration_ms":0,"remote_ip":"::1"}
{"time":"2026-07-28T08:11:40.65416+05:30","level":"WARN","msg":"http request completed","request_id":"96149b9781c6e02db5e68f0af3366cd9","method":"GET","path":"/payments","status":403,"bytes":954,"duration_ms":0,"remote_ip":"::1"}
{"time":"2026-07-28T08:11:40.721199+05:30","level":"INFO","msg":"http request completed","request_id":"3dc4b678904edf2029759f2fec1fadd7","method":"GET","path":"/login","status":200,"bytes":602,"duration_ms":0,"remote_ip":"::1"}
{"time":"2026-07-28T08:11:40.723294+05:30","level":"INFO","msg":"http request completed","request_id":"aea66f3fca7429566be9473734de58f4","method":"GET","path":"/static/fervid-ds.css","status":200,"bytes":93946,"duration_ms":0,"remote_ip":"::1"}
{"time":"2026-07-28T08:11:40.725796+05:30","level":"INFO","msg":"http request completed","request_id":"c58b22561d0ed4e7dc38d0c6931165d4","method":"GET","path":"/static/fervid-logo.svg","status":200,"bytes":11187,"duration_ms":0,"remote_ip":"::1"}
{"time":"2026-07-28T08:11:40.87476+05:30","level":"INFO","msg":"http request completed","request_id":"03d83663e7859ef1d562767747b00abc","method":"POST","path":"/login","status":303,"bytes":0,"duration_ms":55,"remote_ip":"::1"}
{"time":"2026-07-28T08:11:40.885506+05:30","level":"INFO","msg":"http request completed","request_id":"29d1d1dbbbc14cb3307928ad63ae31b8","method":"GET","path":"/","status":200,"bytes":7582,"duration_ms":10,"remote_ip":"::1"}
{"time":"2026-07-28T08:11:40.888098+05:30","level":"INFO","msg":"http request completed","request_id":"c9bf4e7a2c8ecd17ab1619344c583c86","method":"GET","path":"/static/fervid-app.js","status":200,"bytes":20325,"duration_ms":0,"remote_ip":"::1"}
{"time":"2026-07-28T08:11:40.888339+05:30","level":"INFO","msg":"http request completed","request_id":"4d7750c99db1f08329b73b35f1aa20f7","method":"GET","path":"/static/htmx.min.js","status":200,"bytes":51007,"duration_ms":0,"remote_ip":"::1"}
{"time":"2026-07-28T08:11:40.92041+05:30","level":"INFO","msg":"http request completed","request_id":"29b82a504b155520c4d24dca1a5beb3c","method":"GET","path":"/accounts-queue","status":200,"bytes":142336,"duration_ms":4,"remote_ip":"::1"}
{"time":"2026-07-28T08:11:41.266255+05:30","level":"INFO","msg":"http request completed","request_id":"0a16a08fc6cc35f8ad7b25380f30b0a0","method":"GET","path":"/login","status":200,"bytes":602,"duration_ms":0,"remote_ip":"::1"}
{"time":"2026-07-28T08:11:41.269673+05:30","level":"INFO","msg":"http request completed","request_id":"5b7e7b4b4003f76ac03c2a7b3aef17cc","method":"GET","path":"/static/fervid-ds.css","status":200,"bytes":93946,"duration_ms":0,"remote_ip":"::1"}
{"time":"2026-07-28T08:11:41.27172+05:30","level":"INFO","msg":"http request completed","request_id":"4d41e43d751328992df12c8ab8937c15","method":"GET","path":"/static/fervid-logo.svg","status":200,"bytes":11187,"duration_ms":0,"remote_ip":"::1"}
{"time":"2026-07-28T08:11:41.40241+05:30","level":"INFO","msg":"http request completed","request_id":"87926ac8cf0b3b1f8603dd5117e4406c","method":"POST","path":"/login","status":303,"bytes":0,"duration_ms":57,"remote_ip":"::1"}
{"time":"2026-07-28T08:11:41.408993+05:30","level":"INFO","msg":"http request completed","request_id":"8aa745488ab17731d479a739d6d40a35","method":"GET","path":"/","status":200,"bytes":7582,"duration_ms":5,"remote_ip":"::1"}
{"time":"2026-07-28T08:11:41.411763+05:30","level":"INFO","msg":"http request completed","request_id":"404e201e8a9dd85825e42c6171111eed","method":"GET","path":"/static/fervid-app.js","status":200,"bytes":20325,"duration_ms":0,"remote_ip":"::1"}
{"time":"2026-07-28T08:11:41.411786+05:30","level":"INFO","msg":"http request completed","request_id":"04ae011b372ddb6e9059a19e84ec8cbd","method":"GET","path":"/static/htmx.min.js","status":200,"bytes":51007,"duration_ms":0,"remote_ip":"::1"}
{"time":"2026-07-28T08:11:41.44034+05:30","level":"INFO","msg":"http request completed","request_id":"f4d5af5467cdcf9078abb89f433d3c92","method":"GET","path":"/accounts-queue","status":200,"bytes":21539,"duration_ms":2,"remote_ip":"::1"}
{"time":"2026-07-28T08:11:42.42569+05:30","level":"INFO","msg":"http request completed","request_id":"84bf6568eaf3426ea85c9e07097da4b0","method":"GET","path":"/login","status":200,"bytes":602,"duration_ms":0,"remote_ip":"::1"}
{"time":"2026-07-28T08:11:42.428342+05:30","level":"INFO","msg":"http request completed","request_id":"261b622ab7dade29afcc173f7504bec1","method":"GET","path":"/static/fervid-ds.css","status":200,"bytes":93946,"duration_ms":0,"remote_ip":"::1"}
{"time":"2026-07-28T08:11:42.431219+05:30","level":"INFO","msg":"http request completed","request_id":"2965b78296e4e9d926306e7a84c8da46","method":"GET","path":"/static/fervid-logo.svg","status":200,"bytes":11187,"duration_ms":0,"remote_ip":"::1"}
{"time":"2026-07-28T08:11:42.570229+05:30","level":"INFO","msg":"http request completed","request_id":"3389dfb5141e5092ff8088aec97fd7dd","method":"POST","path":"/login","status":303,"bytes":0,"duration_ms":58,"remote_ip":"::1"}
{"time":"2026-07-28T08:11:42.575373+05:30","level":"INFO","msg":"http request completed","request_id":"cf9428ad8d3f1057be261453dd32ef0a","method":"GET","path":"/","status":200,"bytes":7582,"duration_ms":4,"remote_ip":"::1"}
{"time":"2026-07-28T08:11:42.577942+05:30","level":"INFO","msg":"http request completed","request_id":"520c2a59e8ecb3fc795519e12fcbb405","method":"GET","path":"/static/fervid-app.js","status":200,"bytes":20325,"duration_ms":0,"remote_ip":"::1"}
{"time":"2026-07-28T08:11:42.578267+05:30","level":"INFO","msg":"http request completed","request_id":"c0e7025581c28886efd490ac4dfdd24a","method":"GET","path":"/static/htmx.min.js","status":200,"bytes":51007,"duration_ms":0,"remote_ip":"::1"}
{"time":"2026-07-28T08:11:42.58792+05:30","level":"INFO","msg":"http request completed","request_id":"005e71bf2adc7dfa2abb839bad26a0d9","method":"GET","path":"/login","status":200,"bytes":602,"duration_ms":0,"remote_ip":"::1"}
{"time":"2026-07-28T08:11:42.590322+05:30","level":"INFO","msg":"http request completed","request_id":"a86ab2d51e73e7aadb8e333696219187","method":"GET","path":"/static/fervid-ds.css","status":200,"bytes":93946,"duration_ms":0,"remote_ip":"::1"}
{"time":"2026-07-28T08:11:42.592543+05:30","level":"INFO","msg":"http request completed","request_id":"bf5a7ad6c9a048b766b6c980dc4557da","method":"GET","path":"/static/fervid-logo.svg","status":200,"bytes":11187,"duration_ms":0,"remote_ip":"::1"}
{"time":"2026-07-28T08:11:42.61222+05:30","level":"INFO","msg":"http request completed","request_id":"e3e91443a45d7f941bd8d5153f3f22f6","method":"GET","path":"/accounts-queue","status":200,"bytes":25588,"duration_ms":4,"remote_ip":"::1"}
{"time":"2026-07-28T08:11:42.724193+05:30","level":"INFO","msg":"http request completed","request_id":"24d8cb6cf93e7c7c0f3a315fce4ba6dc","method":"POST","path":"/login","status":303,"bytes":0,"duration_ms":55,"remote_ip":"::1"}
{"time":"2026-07-28T08:11:42.727988+05:30","level":"INFO","msg":"http request completed","request_id":"9eaef53daab067315dbff9ca90c3aae3","method":"GET","path":"/","status":200,"bytes":7582,"duration_ms":2,"remote_ip":"::1"}
{"time":"2026-07-28T08:11:42.730127+05:30","level":"INFO","msg":"http request completed","request_id":"aee957d3e425e1ed7de1ea1e389f1301","method":"GET","path":"/static/htmx.min.js","status":200,"bytes":51007,"duration_ms":0,"remote_ip":"::1"}
{"time":"2026-07-28T08:11:42.730376+05:30","level":"INFO","msg":"http request completed","request_id":"60c986773404aec5c4a1084b54ea3011","method":"GET","path":"/static/fervid-app.js","status":200,"bytes":20325,"duration_ms":0,"remote_ip":"::1"}
{"time":"2026-07-28T08:11:42.761288+05:30","level":"INFO","msg":"http request completed","request_id":"5a4315b9445079f96bd77a0911827382","method":"GET","path":"/accounts-queue","status":200,"bytes":31331,"duration_ms":2,"remote_ip":"::1"}
{"time":"2026-07-28T08:11:43.474449+05:30","level":"INFO","msg":"http request completed","request_id":"72a7566c1ea73b330118735a57d89cde","method":"GET","path":"/login","status":200,"bytes":602,"duration_ms":0,"remote_ip":"::1"}
{"time":"2026-07-28T08:11:43.476552+05:30","level":"INFO","msg":"http request completed","request_id":"46df79b623c1fbf18b4fda585d2979d0","method":"GET","path":"/static/fervid-ds.css","status":200,"bytes":93946,"duration_ms":0,"remote_ip":"::1"}
{"time":"2026-07-28T08:11:43.479426+05:30","level":"INFO","msg":"http request completed","request_id":"31e1bc9a93781c8c62f31fe875ddabc4","method":"GET","path":"/static/fervid-logo.svg","status":200,"bytes":11187,"duration_ms":0,"remote_ip":"::1"}
{"time":"2026-07-28T08:11:43.610143+05:30","level":"INFO","msg":"http request completed","request_id":"e5d5a3b23a8cdc5cafba0cdc2e8aed27","method":"POST","path":"/login","status":303,"bytes":0,"duration_ms":57,"remote_ip":"::1"}
{"time":"2026-07-28T08:11:43.613696+05:30","level":"INFO","msg":"http request completed","request_id":"0795ab7372998d0eaef60dd7d499df99","method":"GET","path":"/","status":200,"bytes":7582,"duration_ms":2,"remote_ip":"::1"}
{"time":"2026-07-28T08:11:43.615969+05:30","level":"INFO","msg":"http request completed","request_id":"7a53abb5ec0c5c06a1545fcd810bbf1b","method":"GET","path":"/static/fervid-app.js","status":200,"bytes":20325,"duration_ms":0,"remote_ip":"::1"}
{"time":"2026-07-28T08:11:43.616027+05:30","level":"INFO","msg":"http request completed","request_id":"fd6f4075f380c6cbffe36e74b45b3951","method":"GET","path":"/static/htmx.min.js","status":200,"bytes":51007,"duration_ms":0,"remote_ip":"::1"}
{"time":"2026-07-28T08:11:43.647522+05:30","level":"INFO","msg":"http request completed","request_id":"9fefa775c0338e2967d68a13ff579387","method":"GET","path":"/accounts-queue","status":200,"bytes":93486,"duration_ms":3,"remote_ip":"::1"}
{"time":"2026-07-28T08:11:43.850224+05:30","level":"INFO","msg":"http request completed","request_id":"47c2244870b35d8ceb29cd691c4071e1","method":"GET","path":"/login","status":200,"bytes":602,"duration_ms":0,"remote_ip":"::1"}
{"time":"2026-07-28T08:11:43.852308+05:30","level":"INFO","msg":"http request completed","request_id":"0d664ea12474dfe6e66d2184860b3fe3","method":"GET","path":"/static/fervid-ds.css","status":200,"bytes":93946,"duration_ms":0,"remote_ip":"::1"}
{"time":"2026-07-28T08:11:43.854445+05:30","level":"INFO","msg":"http request completed","request_id":"28a61886ff905078e28989dc9f289bd5","method":"GET","path":"/static/fervid-logo.svg","status":200,"bytes":11187,"duration_ms":0,"remote_ip":"::1"}
{"time":"2026-07-28T08:11:43.890321+05:30","level":"INFO","msg":"http request completed","request_id":"fc8f386c0d381b88b7aacffd84781984","method":"GET","path":"/login","status":200,"bytes":602,"duration_ms":0,"remote_ip":"::1"}
{"time":"2026-07-28T08:11:43.892356+05:30","level":"INFO","msg":"http request completed","request_id":"6e36ee9f72d1bd6e2d7170fac884a6de","method":"GET","path":"/static/fervid-ds.css","status":200,"bytes":93946,"duration_ms":0,"remote_ip":"::1"}
{"time":"2026-07-28T08:11:43.894628+05:30","level":"INFO","msg":"http request completed","request_id":"2f03b7f45e372e3d5a0a5bff30295807","method":"GET","path":"/static/fervid-logo.svg","status":200,"bytes":11187,"duration_ms":0,"remote_ip":"::1"}
{"time":"2026-07-28T08:11:43.991702+05:30","level":"INFO","msg":"http request completed","request_id":"e1bc86958654258d49d56645c883f023","method":"POST","path":"/login","status":303,"bytes":0,"duration_ms":55,"remote_ip":"::1"}
{"time":"2026-07-28T08:11:43.995155+05:30","level":"INFO","msg":"http request completed","request_id":"938cdd67a15fe1f0244b44f2c878baf6","method":"GET","path":"/","status":200,"bytes":7582,"duration_ms":2,"remote_ip":"::1"}
{"time":"2026-07-28T08:11:43.997371+05:30","level":"INFO","msg":"http request completed","request_id":"8efe5113906715a697d8edadc4c2cb2f","method":"GET","path":"/static/htmx.min.js","status":200,"bytes":51007,"duration_ms":0,"remote_ip":"::1"}
{"time":"2026-07-28T08:11:43.997461+05:30","level":"INFO","msg":"http request completed","request_id":"7e4befc2250b77756d83cab440cb6490","method":"GET","path":"/static/fervid-app.js","status":200,"bytes":20325,"duration_ms":0,"remote_ip":"::1"}
{"time":"2026-07-28T08:11:44.02674+05:30","level":"INFO","msg":"http request completed","request_id":"2c19c12933aeaaab25aca581c529cf8e","method":"GET","path":"/payments/new","status":200,"bytes":16814,"duration_ms":3,"remote_ip":"::1"}
{"time":"2026-07-28T08:11:44.040587+05:30","level":"INFO","msg":"http request completed","request_id":"ce139d6dfd9e0b1d3c4656d63c1a476a","method":"POST","path":"/login","status":303,"bytes":0,"duration_ms":54,"remote_ip":"::1"}
{"time":"2026-07-28T08:11:44.044716+05:30","level":"INFO","msg":"http request completed","request_id":"c13c3677312287c609756545eae90eca","method":"GET","path":"/","status":200,"bytes":7582,"duration_ms":3,"remote_ip":"::1"}
{"time":"2026-07-28T08:11:44.047315+05:30","level":"INFO","msg":"http request completed","request_id":"9d8a31635a58a818fd8f7230103aa18d","method":"GET","path":"/static/htmx.min.js","status":200,"bytes":51007,"duration_ms":0,"remote_ip":"::1"}
{"time":"2026-07-28T08:11:44.047571+05:30","level":"INFO","msg":"http request completed","request_id":"682eef28d5de2bfc8c3156ea78a8ea87","method":"GET","path":"/static/fervid-app.js","status":200,"bytes":20325,"duration_ms":0,"remote_ip":"::1"}
{"time":"2026-07-28T08:11:44.070376+05:30","level":"INFO","msg":"http request completed","request_id":"ed5a5287e26985fcbb5c2d83edacea57","method":"GET","path":"/login","status":200,"bytes":602,"duration_ms":0,"remote_ip":"::1"}
{"time":"2026-07-28T08:11:44.072518+05:30","level":"INFO","msg":"http request completed","request_id":"7172614958fa1ac14b51c71f08c94067","method":"GET","path":"/static/fervid-ds.css","status":200,"bytes":93946,"duration_ms":0,"remote_ip":"::1"}
{"time":"2026-07-28T08:11:44.074877+05:30","level":"INFO","msg":"http request completed","request_id":"2f9822a0a4b5f93bc7d860341282e610","method":"GET","path":"/static/fervid-logo.svg","status":200,"bytes":11187,"duration_ms":0,"remote_ip":"::1"}
{"time":"2026-07-28T08:11:44.085198+05:30","level":"INFO","msg":"http request completed","request_id":"dd7b349a4392339cc0f7816d4720756c","method":"GET","path":"/payments/new","status":200,"bytes":10359,"duration_ms":2,"remote_ip":"::1"}
{"time":"2026-07-28T08:11:44.218082+05:30","level":"INFO","msg":"http request completed","request_id":"2518506d8a51ba9ac32ee845aa6caafb","method":"POST","path":"/login","status":303,"bytes":0,"duration_ms":55,"remote_ip":"::1"}
{"time":"2026-07-28T08:11:44.222195+05:30","level":"INFO","msg":"http request completed","request_id":"5103c741fa26c921acc2a43500a4afef","method":"GET","path":"/","status":200,"bytes":7582,"duration_ms":3,"remote_ip":"::1"}
{"time":"2026-07-28T08:11:44.224664+05:30","level":"INFO","msg":"http request completed","request_id":"c0f7aa0967d0680dcc6db943b6ff8bfe","method":"GET","path":"/static/fervid-app.js","status":200,"bytes":20325,"duration_ms":0,"remote_ip":"::1"}
{"time":"2026-07-28T08:11:44.224698+05:30","level":"INFO","msg":"http request completed","request_id":"85b4a0dafcd722368655fc3252f7992d","method":"GET","path":"/static/htmx.min.js","status":200,"bytes":51007,"duration_ms":0,"remote_ip":"::1"}
{"time":"2026-07-28T08:11:44.257296+05:30","level":"INFO","msg":"http request completed","request_id":"809944cd34532890f82c8e18a8edb667","method":"GET","path":"/payments/new","status":200,"bytes":10359,"duration_ms":1,"remote_ip":"::1"}
{"time":"2026-07-28T08:11:44.801412+05:30","level":"INFO","msg":"http request completed","request_id":"d893c647e90743bfa7439d1af4522394","method":"POST","path":"/requests/85/settlement-preview","status":200,"bytes":2574,"duration_ms":1,"remote_ip":"::1"}
{"time":"2026-07-28T08:11:45.009804+05:30","level":"INFO","msg":"http request completed","request_id":"e54c9ddb5452bccce2a6df7815c60058","method":"GET","path":"/login","status":200,"bytes":602,"duration_ms":0,"remote_ip":"::1"}
{"time":"2026-07-28T08:11:45.012088+05:30","level":"INFO","msg":"http request completed","request_id":"dbc1aaa7f43aa21ccc95de6adf586bf6","method":"GET","path":"/static/fervid-ds.css","status":200,"bytes":93946,"duration_ms":0,"remote_ip":"::1"}
{"time":"2026-07-28T08:11:45.013988+05:30","level":"INFO","msg":"http request completed","request_id":"34ce87fdb5a8d5343c9e59bb1f51975e","method":"GET","path":"/static/fervid-logo.svg","status":200,"bytes":11187,"duration_ms":0,"remote_ip":"::1"}
{"time":"2026-07-28T08:11:45.037054+05:30","level":"INFO","msg":"http request completed","request_id":"75fccc6ecd23ec41e542df3463c9a980","method":"GET","path":"/login","status":200,"bytes":602,"duration_ms":0,"remote_ip":"::1"}
{"time":"2026-07-28T08:11:45.0393+05:30","level":"INFO","msg":"http request completed","request_id":"d5bf75069f40b43c627888e91655e79a","method":"GET","path":"/static/fervid-ds.css","status":200,"bytes":93946,"duration_ms":0,"remote_ip":"::1"}
{"time":"2026-07-28T08:11:45.041571+05:30","level":"INFO","msg":"http request completed","request_id":"475cfdb1741dbe8866f12d13def5491b","method":"GET","path":"/static/fervid-logo.svg","status":200,"bytes":11187,"duration_ms":0,"remote_ip":"::1"}
{"time":"2026-07-28T08:11:45.15029+05:30","level":"INFO","msg":"http request completed","request_id":"ad6629b23f6952202bd68410c3731597","method":"POST","path":"/login","status":303,"bytes":0,"duration_ms":54,"remote_ip":"::1"}
{"time":"2026-07-28T08:11:45.153554+05:30","level":"INFO","msg":"http request completed","request_id":"a72c5e0b9a370d9dc127777862a7b542","method":"GET","path":"/","status":200,"bytes":7582,"duration_ms":2,"remote_ip":"::1"}
{"time":"2026-07-28T08:11:45.156026+05:30","level":"INFO","msg":"http request completed","request_id":"83ce6daaba309a998c4090c827573170","method":"GET","path":"/static/htmx.min.js","status":200,"bytes":51007,"duration_ms":0,"remote_ip":"::1"}
{"time":"2026-07-28T08:11:45.156058+05:30","level":"INFO","msg":"http request completed","request_id":"078e1dddef3c69ff4f3beaa53a19e4a1","method":"GET","path":"/static/fervid-app.js","status":200,"bytes":20325,"duration_ms":0,"remote_ip":"::1"}
{"time":"2026-07-28T08:11:45.183116+05:30","level":"WARN","msg":"reservation conflict","request_id":"5699a69b682c8a47740262b6587b5afd","request":61,"holder":"Krishna Ghosh","cause":"taken","error":null}
{"time":"2026-07-28T08:11:45.183236+05:30","level":"INFO","msg":"http request completed","request_id":"44db4037eef4d9edd2e9519aa5c229af","method":"POST","path":"/login","status":303,"bytes":0,"duration_ms":55,"remote_ip":"::1"}
{"time":"2026-07-28T08:11:45.184246+05:30","level":"WARN","msg":"http request completed","request_id":"5699a69b682c8a47740262b6587b5afd","method":"GET","path":"/payments/new","status":409,"bytes":6598,"duration_ms":1,"remote_ip":"::1"}
{"time":"2026-07-28T08:11:45.186552+05:30","level":"INFO","msg":"http request completed","request_id":"e204cc3733040f2ae5518e3f5c12d4be","method":"GET","path":"/","status":200,"bytes":7582,"duration_ms":2,"remote_ip":"::1"}
{"time":"2026-07-28T08:11:45.189066+05:30","level":"INFO","msg":"http request completed","request_id":"59398f2c4d7ce9d513787a047425b3cd","method":"GET","path":"/static/fervid-app.js","status":200,"bytes":20325,"duration_ms":0,"remote_ip":"::1"}
{"time":"2026-07-28T08:11:45.189086+05:30","level":"INFO","msg":"http request completed","request_id":"3fc52aab986df8e41b27c9ca2ec2c28f","method":"GET","path":"/static/htmx.min.js","status":200,"bytes":51007,"duration_ms":0,"remote_ip":"::1"}
{"time":"2026-07-28T08:11:45.215856+05:30","level":"WARN","msg":"reservation conflict","request_id":"5a0227fddb9aec56264a425525862ae9","request":59,"holder":"Someone else","cause":"hold","error":null}
{"time":"2026-07-28T08:11:45.217105+05:30","level":"WARN","msg":"http request completed","request_id":"5a0227fddb9aec56264a425525862ae9","method":"GET","path":"/payments/new","status":409,"bytes":6931,"duration_ms":1,"remote_ip":"::1"}
{"time":"2026-07-28T08:11:45.309958+05:30","level":"INFO","msg":"http request completed","request_id":"9bafe79a57d56a72bb65329310217af1","method":"GET","path":"/login","status":200,"bytes":602,"duration_ms":0,"remote_ip":"::1"}
{"time":"2026-07-28T08:11:45.312853+05:30","level":"INFO","msg":"http request completed","request_id":"d74e025c6838c1b49d23fb99479e370a","method":"GET","path":"/static/fervid-ds.css","status":200,"bytes":93946,"duration_ms":0,"remote_ip":"::1"}
{"time":"2026-07-28T08:11:45.314727+05:30","level":"INFO","msg":"http request completed","request_id":"665dcdbab78960b177e3756edf6fc35f","method":"GET","path":"/static/fervid-logo.svg","status":200,"bytes":11187,"duration_ms":0,"remote_ip":"::1"}
{"time":"2026-07-28T08:11:45.461564+05:30","level":"INFO","msg":"http request completed","request_id":"3bb7c78068edab23cdde82f2f4d38abb","method":"POST","path":"/login","status":303,"bytes":0,"duration_ms":58,"remote_ip":"::1"}
{"time":"2026-07-28T08:11:45.467249+05:30","level":"INFO","msg":"http request completed","request_id":"479eba0cea02e40087fddbc4d38831c4","method":"GET","path":"/","status":200,"bytes":7582,"duration_ms":4,"remote_ip":"::1"}
{"time":"2026-07-28T08:11:45.469742+05:30","level":"INFO","msg":"http request completed","request_id":"fbd6f441c9ba64078b95a6058739581c","method":"GET","path":"/static/htmx.min.js","status":200,"bytes":51007,"duration_ms":0,"remote_ip":"::1"}
{"time":"2026-07-28T08:11:45.469891+05:30","level":"INFO","msg":"http request completed","request_id":"d5d93e61ddbb4428bbce9c6adb5c57c9","method":"GET","path":"/static/fervid-app.js","status":200,"bytes":20325,"duration_ms":0,"remote_ip":"::1"}
{"time":"2026-07-28T08:11:45.498592+05:30","level":"WARN","msg":"reservation conflict","request_id":"ab417f5e4e63785e4a48a7d796b951cd","request":58,"holder":"Ritu Mehta","cause":"not-approved","error":null}
{"time":"2026-07-28T08:11:45.499668+05:30","level":"WARN","msg":"http request completed","request_id":"ab417f5e4e63785e4a48a7d796b951cd","method":"GET","path":"/payments/new","status":409,"bytes":6660,"duration_ms":1,"remote_ip":"::1"}
{"time":"2026-07-28T08:11:45.790924+05:30","level":"INFO","msg":"http request completed","request_id":"0a52ff390a7ea331a58e229a1850ec08","method":"GET","path":"/login","status":200,"bytes":602,"duration_ms":0,"remote_ip":"::1"}
{"time":"2026-07-28T08:11:45.793087+05:30","level":"INFO","msg":"http request completed","request_id":"93afa2458522a964d7e845281bb519c4","method":"GET","path":"/static/fervid-ds.css","status":200,"bytes":93946,"duration_ms":0,"remote_ip":"::1"}
{"time":"2026-07-28T08:11:45.795238+05:30","level":"INFO","msg":"http request completed","request_id":"7f66d284c5bf3e48b3aad582fcda13a8","method":"GET","path":"/static/fervid-logo.svg","status":200,"bytes":11187,"duration_ms":0,"remote_ip":"::1"}
{"time":"2026-07-28T08:11:45.83392+05:30","level":"INFO","msg":"http request completed","request_id":"879d37b92d3a52006c5a7d805a5c1a5a","method":"GET","path":"/login","status":200,"bytes":602,"duration_ms":0,"remote_ip":"::1"}
{"time":"2026-07-28T08:11:45.836139+05:30","level":"INFO","msg":"http request completed","request_id":"4ba65330dd89c51cf201d1a487ad7b55","method":"GET","path":"/static/fervid-ds.css","status":200,"bytes":93946,"duration_ms":0,"remote_ip":"::1"}
{"time":"2026-07-28T08:11:45.838864+05:30","level":"INFO","msg":"http request completed","request_id":"76355fa83e82657644d438881135db58","method":"GET","path":"/static/fervid-logo.svg","status":200,"bytes":11187,"duration_ms":0,"remote_ip":"::1"}
{"time":"2026-07-28T08:11:45.934506+05:30","level":"INFO","msg":"http request completed","request_id":"ae14a7dd87e3c4f0c9b3cfe45dd16407","method":"POST","path":"/login","status":303,"bytes":0,"duration_ms":55,"remote_ip":"::1"}
{"time":"2026-07-28T08:11:45.936249+05:30","level":"INFO","msg":"http request completed","request_id":"a3fa4a4d2c3288cc0d915eebdd24ec45","method":"GET","path":"/login","status":200,"bytes":602,"duration_ms":0,"remote_ip":"::1"}
{"time":"2026-07-28T08:11:45.938262+05:30","level":"INFO","msg":"http request completed","request_id":"63a5b05e063c97d5ab65c2d7238d8a22","method":"GET","path":"/static/fervid-ds.css","status":200,"bytes":93946,"duration_ms":0,"remote_ip":"::1"}
{"time":"2026-07-28T08:11:45.938781+05:30","level":"INFO","msg":"http request completed","request_id":"866be41df43e4b573c4eaecff6ebdd67","method":"GET","path":"/","status":200,"bytes":7582,"duration_ms":3,"remote_ip":"::1"}
{"time":"2026-07-28T08:11:45.940645+05:30","level":"INFO","msg":"http request completed","request_id":"df93617619308c98dd1e7d2edaffdb6a","method":"GET","path":"/static/fervid-logo.svg","status":200,"bytes":11187,"duration_ms":0,"remote_ip":"::1"}
{"time":"2026-07-28T08:11:45.94121+05:30","level":"INFO","msg":"http request completed","request_id":"7e266f4618eb019feb45c253f46c8d34","method":"GET","path":"/static/fervid-app.js","status":200,"bytes":20325,"duration_ms":0,"remote_ip":"::1"}
{"time":"2026-07-28T08:11:45.941214+05:30","level":"INFO","msg":"http request completed","request_id":"a7fc267ebfac831742c97307bd1f30f5","method":"GET","path":"/static/htmx.min.js","status":200,"bytes":51007,"duration_ms":0,"remote_ip":"::1"}
{"time":"2026-07-28T08:11:45.970682+05:30","level":"INFO","msg":"http request completed","request_id":"998fbc54fa245334816927f5b22d0104","method":"GET","path":"/requests/85/reservation","status":200,"bytes":7701,"duration_ms":3,"remote_ip":"::1"}
{"time":"2026-07-28T08:11:45.97633+05:30","level":"INFO","msg":"http request completed","request_id":"5132e1dc615a41a231522dfa035266e3","method":"POST","path":"/login","status":303,"bytes":0,"duration_ms":57,"remote_ip":"::1"}
{"time":"2026-07-28T08:11:45.979541+05:30","level":"INFO","msg":"http request completed","request_id":"ca0ea18e89b85a39ab492e12abaa84c7","method":"GET","path":"/","status":200,"bytes":7582,"duration_ms":2,"remote_ip":"::1"}
{"time":"2026-07-28T08:11:45.98204+05:30","level":"INFO","msg":"http request completed","request_id":"a6bd9a5467b6a3fe616dfabd3186cada","method":"GET","path":"/static/htmx.min.js","status":200,"bytes":51007,"duration_ms":0,"remote_ip":"::1"}
{"time":"2026-07-28T08:11:45.982216+05:30","level":"INFO","msg":"http request completed","request_id":"c82f7e7793ec60dc16884f0e7ae180d7","method":"GET","path":"/static/fervid-app.js","status":200,"bytes":20325,"duration_ms":0,"remote_ip":"::1"}
{"time":"2026-07-28T08:11:46.011901+05:30","level":"INFO","msg":"http request completed","request_id":"89b10af0b1dfd8eb3fb0ebe492c63479","method":"GET","path":"/requests/85/reservation/stale","status":200,"bytes":7666,"duration_ms":2,"remote_ip":"::1"}
{"time":"2026-07-28T08:11:46.101965+05:30","level":"INFO","msg":"http request completed","request_id":"3341d163963140ef93ef35dbe3f3b947","method":"POST","path":"/login","status":303,"bytes":0,"duration_ms":82,"remote_ip":"::1"}
{"time":"2026-07-28T08:11:46.109698+05:30","level":"INFO","msg":"http request completed","request_id":"a78b3d4bbb83d419800e0e46ba268f6f","method":"GET","path":"/login","status":200,"bytes":602,"duration_ms":0,"remote_ip":"::1"}
{"time":"2026-07-28T08:11:46.110952+05:30","level":"INFO","msg":"http request completed","request_id":"820cc6aebe5c0fccf8272fe53b3e7202","method":"GET","path":"/","status":200,"bytes":7582,"duration_ms":8,"remote_ip":"::1"}
{"time":"2026-07-28T08:11:46.111994+05:30","level":"INFO","msg":"http request completed","request_id":"ecd9f3edd845c7f85197d0b98fc4ae86","method":"GET","path":"/static/fervid-ds.css","status":200,"bytes":93946,"duration_ms":0,"remote_ip":"::1"}
{"time":"2026-07-28T08:11:46.114138+05:30","level":"INFO","msg":"http request completed","request_id":"493db84444952b366f879f6aef14f13d","method":"GET","path":"/static/htmx.min.js","status":200,"bytes":51007,"duration_ms":0,"remote_ip":"::1"}
{"time":"2026-07-28T08:11:46.114291+05:30","level":"INFO","msg":"http request completed","request_id":"58f2c29db1ccdeb9aff7fd8960348801","method":"GET","path":"/static/fervid-app.js","status":200,"bytes":20325,"duration_ms":0,"remote_ip":"::1"}
{"time":"2026-07-28T08:11:46.114291+05:30","level":"INFO","msg":"http request completed","request_id":"60b87c1f9425e8f6e0ca30ec99468952","method":"GET","path":"/static/fervid-logo.svg","status":200,"bytes":11187,"duration_ms":0,"remote_ip":"::1"}
{"time":"2026-07-28T08:11:46.14855+05:30","level":"INFO","msg":"http request completed","request_id":"02039da271c76a9cebc82bc295454187","method":"GET","path":"/requests/24","status":200,"bytes":9404,"duration_ms":3,"remote_ip":"::1"}
{"time":"2026-07-28T08:11:46.244403+05:30","level":"INFO","msg":"http request completed","request_id":"3b0481f042cbe71e6603af2515a361eb","method":"POST","path":"/login","status":303,"bytes":0,"duration_ms":56,"remote_ip":"::1"}
{"time":"2026-07-28T08:11:46.248198+05:30","level":"INFO","msg":"http request completed","request_id":"873310e33981dfd3c80b25dde2b77833","method":"GET","path":"/","status":200,"bytes":7582,"duration_ms":2,"remote_ip":"::1"}
{"time":"2026-07-28T08:11:46.252652+05:30","level":"INFO","msg":"http request completed","request_id":"8fe4f712933f12ddf9e8313f33d1d333","method":"GET","path":"/static/fervid-app.js","status":200,"bytes":20325,"duration_ms":0,"remote_ip":"::1"}
{"time":"2026-07-28T08:11:46.253158+05:30","level":"INFO","msg":"http request completed","request_id":"6f7e190185e29d51cc473a8be611c711","method":"GET","path":"/static/htmx.min.js","status":200,"bytes":51007,"duration_ms":0,"remote_ip":"::1"}
{"time":"2026-07-28T08:11:46.284448+05:30","level":"INFO","msg":"http request completed","request_id":"66dbb92ca845adf0dfc74c7b72f66578","method":"GET","path":"/requests/59","status":200,"bytes":9047,"duration_ms":2,"remote_ip":"::1"}
{"time":"2026-07-28T08:11:46.916742+05:30","level":"INFO","msg":"http request completed","request_id":"e71410c5f7c5abddba0d02135c83ee78","method":"GET","path":"/login","status":200,"bytes":602,"duration_ms":0,"remote_ip":"::1"}
{"time":"2026-07-28T08:11:46.919605+05:30","level":"INFO","msg":"http request completed","request_id":"ce9a70c7a744d3121dc4a90d509ff8db","method":"GET","path":"/static/fervid-ds.css","status":200,"bytes":93946,"duration_ms":0,"remote_ip":"::1"}
{"time":"2026-07-28T08:11:46.921965+05:30","level":"INFO","msg":"http request completed","request_id":"a909ef4517d5cc5b2302d4565da62040","method":"GET","path":"/static/fervid-logo.svg","status":200,"bytes":11187,"duration_ms":0,"remote_ip":"::1"}
{"time":"2026-07-28T08:11:46.937152+05:30","level":"INFO","msg":"http request completed","request_id":"97cbb11a1154c0107573a7ec412819ba","method":"GET","path":"/login","status":200,"bytes":602,"duration_ms":0,"remote_ip":"::1"}
{"time":"2026-07-28T08:11:46.941244+05:30","level":"INFO","msg":"http request completed","request_id":"ec5f064f7601939056f2eb151ad0132c","method":"GET","path":"/static/fervid-ds.css","status":200,"bytes":93946,"duration_ms":0,"remote_ip":"::1"}
{"time":"2026-07-28T08:11:46.943626+05:30","level":"INFO","msg":"http request completed","request_id":"d48d37553aa67364569493b0fb6e0128","method":"GET","path":"/static/fervid-logo.svg","status":200,"bytes":11187,"duration_ms":0,"remote_ip":"::1"}
{"time":"2026-07-28T08:11:47.090596+05:30","level":"INFO","msg":"http request completed","request_id":"bdb6c2102f688a9bfb0638a487af1ec5","method":"POST","path":"/login","status":303,"bytes":0,"duration_ms":55,"remote_ip":"::1"}
{"time":"2026-07-28T08:11:47.091745+05:30","level":"INFO","msg":"http request completed","request_id":"932251bf15fd8e3012491f4be5b5e3f9","method":"POST","path":"/login","status":303,"bytes":0,"duration_ms":55,"remote_ip":"::1"}
{"time":"2026-07-28T08:11:47.095392+05:30","level":"INFO","msg":"http request completed","request_id":"0bdfe0b01de1d8650450fb22c551182f","method":"GET","path":"/","status":200,"bytes":7582,"duration_ms":2,"remote_ip":"::1"}
{"time":"2026-07-28T08:11:47.097823+05:30","level":"INFO","msg":"http request completed","request_id":"1d6623f02d1a3b8a557440031780e7c7","method":"GET","path":"/static/fervid-app.js","status":200,"bytes":20325,"duration_ms":0,"remote_ip":"::1"}
{"time":"2026-07-28T08:11:47.098909+05:30","level":"INFO","msg":"http request completed","request_id":"ff3b73b79b4b136b3c7d5735fdc76165","method":"GET","path":"/static/htmx.min.js","status":200,"bytes":51007,"duration_ms":1,"remote_ip":"::1"}
{"time":"2026-07-28T08:11:47.103176+05:30","level":"INFO","msg":"http request completed","request_id":"96bdb53fecbf3767778ca0c171c605f2","method":"GET","path":"/","status":200,"bytes":7582,"duration_ms":11,"remote_ip":"::1"}
{"time":"2026-07-28T08:11:47.105609+05:30","level":"INFO","msg":"http request completed","request_id":"8637368d764262aabbcad1d79ee604ba","method":"GET","path":"/static/htmx.min.js","status":200,"bytes":51007,"duration_ms":0,"remote_ip":"::1"}
{"time":"2026-07-28T08:11:47.10575+05:30","level":"INFO","msg":"http request completed","request_id":"5cc63dd12782dabf8907e77684614ae6","method":"GET","path":"/static/fervid-app.js","status":200,"bytes":20325,"duration_ms":0,"remote_ip":"::1"}
{"time":"2026-07-28T08:11:47.130006+05:30","level":"INFO","msg":"http request completed","request_id":"c8a886d431d546557b2b243cd1033005","method":"GET","path":"/payments","status":200,"bytes":63460,"duration_ms":5,"remote_ip":"::1"}
{"time":"2026-07-28T08:11:47.130452+05:30","level":"INFO","msg":"http request completed","request_id":"56188084777ff96ce023f29b8b9abe7c","method":"GET","path":"/payments","status":200,"bytes":6364,"duration_ms":1,"remote_ip":"::1"}
{"time":"2026-07-28T08:11:47.160281+05:30","level":"INFO","msg":"http request completed","request_id":"86f6823e9e31a4c574e97b81cad08eb2","method":"GET","path":"/login","status":200,"bytes":602,"duration_ms":0,"remote_ip":"::1"}
{"time":"2026-07-28T08:11:47.162246+05:30","level":"INFO","msg":"http request completed","request_id":"e5e13f275a32f2a3f3a19fb56b904dd8","method":"GET","path":"/static/fervid-ds.css","status":200,"bytes":93946,"duration_ms":0,"remote_ip":"::1"}
{"time":"2026-07-28T08:11:47.164751+05:30","level":"INFO","msg":"http request completed","request_id":"549a3e0c0002d9e1d097f488c5bd76b0","method":"GET","path":"/static/fervid-logo.svg","status":200,"bytes":11187,"duration_ms":0,"remote_ip":"::1"}
{"time":"2026-07-28T08:11:47.249157+05:30","level":"INFO","msg":"http request completed","request_id":"a1835e5fe9e0dff42818ebac57523549","method":"GET","path":"/login","status":200,"bytes":602,"duration_ms":0,"remote_ip":"::1"}
{"time":"2026-07-28T08:11:47.251004+05:30","level":"INFO","msg":"http request completed","request_id":"5dc54cbe830f28ff12bdb3f08378214a","method":"GET","path":"/static/fervid-ds.css","status":200,"bytes":93946,"duration_ms":0,"remote_ip":"::1"}
{"time":"2026-07-28T08:11:47.253336+05:30","level":"INFO","msg":"http request completed","request_id":"2e8faa19584892430cebca263a4969ea","method":"GET","path":"/static/fervid-logo.svg","status":200,"bytes":11187,"duration_ms":0,"remote_ip":"::1"}
{"time":"2026-07-28T08:11:47.290879+05:30","level":"INFO","msg":"http request completed","request_id":"a095d3091c3fe5f2d7d48d26b9f0c273","method":"POST","path":"/login","status":303,"bytes":0,"duration_ms":54,"remote_ip":"::1"}
{"time":"2026-07-28T08:11:47.293681+05:30","level":"INFO","msg":"http request completed","request_id":"619f1972f7f34529d9fa0116b6fa0ee5","method":"GET","path":"/","status":200,"bytes":7582,"duration_ms":2,"remote_ip":"::1"}
{"time":"2026-07-28T08:11:47.295508+05:30","level":"INFO","msg":"http request completed","request_id":"f0a014aa536efa999e9c48c6b7fe9a11","method":"GET","path":"/static/htmx.min.js","status":200,"bytes":51007,"duration_ms":0,"remote_ip":"::1"}
{"time":"2026-07-28T08:11:47.295703+05:30","level":"INFO","msg":"http request completed","request_id":"96126724617cc257ac9ca486fb596611","method":"GET","path":"/static/fervid-app.js","status":200,"bytes":20325,"duration_ms":0,"remote_ip":"::1"}
{"time":"2026-07-28T08:11:47.321408+05:30","level":"INFO","msg":"http request completed","request_id":"94df03fbb489cfcd0b9d3c82e4fd23ab","method":"GET","path":"/payments/124","status":200,"bytes":8401,"duration_ms":2,"remote_ip":"::1"}
{"time":"2026-07-28T08:11:47.381579+05:30","level":"INFO","msg":"http request completed","request_id":"f99b7439567420da9166ab5d9d770db8","method":"POST","path":"/login","status":303,"bytes":0,"duration_ms":52,"remote_ip":"::1"}
{"time":"2026-07-28T08:11:47.386112+05:30","level":"INFO","msg":"http request completed","request_id":"6512dd5bbe49a639f7e4adcbf0aca58a","method":"GET","path":"/","status":200,"bytes":7582,"duration_ms":3,"remote_ip":"::1"}
{"time":"2026-07-28T08:11:47.388244+05:30","level":"INFO","msg":"http request completed","request_id":"f2a91ad410ee8add56c5298b1f340cab","method":"GET","path":"/static/fervid-app.js","status":200,"bytes":20325,"duration_ms":0,"remote_ip":"::1"}
{"time":"2026-07-28T08:11:47.388267+05:30","level":"INFO","msg":"http request completed","request_id":"5738c1f1709f67254c011c4132890baa","method":"GET","path":"/static/htmx.min.js","status":200,"bytes":51007,"duration_ms":0,"remote_ip":"::1"}
{"time":"2026-07-28T08:11:47.413519+05:30","level":"INFO","msg":"http request completed","request_id":"3ebdd4b435545c37baec2e25c76b2d34","method":"GET","path":"/payments/1/edit","status":200,"bytes":22604,"duration_ms":2,"remote_ip":"::1"}
{"time":"2026-07-28T08:11:48.020639+05:30","level":"INFO","msg":"http request completed","request_id":"1ba2d3cc940c00ac7c9e636743c0b8ba","method":"GET","path":"/login","status":200,"bytes":602,"duration_ms":0,"remote_ip":"::1"}
{"time":"2026-07-28T08:11:48.022925+05:30","level":"INFO","msg":"http request completed","request_id":"6e3c491d89f6d5ebbad8642ef556eec5","method":"GET","path":"/static/fervid-ds.css","status":200,"bytes":93946,"duration_ms":0,"remote_ip":"::1"}
{"time":"2026-07-28T08:11:48.025618+05:30","level":"INFO","msg":"http request completed","request_id":"a85160f7306eee3ae8479b640e713d5c","method":"GET","path":"/static/fervid-logo.svg","status":200,"bytes":11187,"duration_ms":0,"remote_ip":"::1"}
{"time":"2026-07-28T08:11:48.162015+05:30","level":"INFO","msg":"http request completed","request_id":"6e454e58ea143e1c953b1f6f1f849fdc","method":"POST","path":"/login","status":303,"bytes":0,"duration_ms":58,"remote_ip":"::1"}
{"time":"2026-07-28T08:11:48.166796+05:30","level":"INFO","msg":"http request completed","request_id":"6f78a442c124f23b060db274a0db85cd","method":"GET","path":"/","status":200,"bytes":7582,"duration_ms":3,"remote_ip":"::1"}
{"time":"2026-07-28T08:11:48.170362+05:30","level":"INFO","msg":"http request completed","request_id":"4e115586e5afd7fee771dafd1c5c4f38","method":"GET","path":"/static/fervid-app.js","status":200,"bytes":20325,"duration_ms":0,"remote_ip":"::1"}
{"time":"2026-07-28T08:11:48.17047+05:30","level":"INFO","msg":"http request completed","request_id":"ff30c4e1494effbff3fca1bbe6d2546d","method":"GET","path":"/static/htmx.min.js","status":200,"bytes":51007,"duration_ms":0,"remote_ip":"::1"}
{"time":"2026-07-28T08:11:48.197719+05:30","level":"INFO","msg":"http request completed","request_id":"f5607098de96a6e4ce34674a6900562f","method":"GET","path":"/recoverables","status":200,"bytes":8490,"duration_ms":3,"remote_ip":"::1"}
{"time":"2026-07-28T08:11:48.296098+05:30","level":"INFO","msg":"http request completed","request_id":"14d8bb321ecc4cbe9975275df1c07c50","method":"GET","path":"/login","status":200,"bytes":602,"duration_ms":0,"remote_ip":"::1"}
{"time":"2026-07-28T08:11:48.298534+05:30","level":"INFO","msg":"http request completed","request_id":"ca1df377e580d16edd2cf41b48fd28e1","method":"GET","path":"/static/fervid-ds.css","status":200,"bytes":93946,"duration_ms":0,"remote_ip":"::1"}
{"time":"2026-07-28T08:11:48.300651+05:30","level":"INFO","msg":"http request completed","request_id":"77fda2c5f511c85f4733690d74d94e35","method":"GET","path":"/static/fervid-logo.svg","status":200,"bytes":11187,"duration_ms":0,"remote_ip":"::1"}
{"time":"2026-07-28T08:11:48.450382+05:30","level":"INFO","msg":"http request completed","request_id":"b6ce55a35d1f89cd33b1c7c5a5776c4a","method":"POST","path":"/login","status":303,"bytes":0,"duration_ms":55,"remote_ip":"::1"}
{"time":"2026-07-28T08:11:48.454117+05:30","level":"INFO","msg":"http request completed","request_id":"503621047cbba073658f8d35edbacc89","method":"GET","path":"/","status":200,"bytes":7582,"duration_ms":2,"remote_ip":"::1"}
{"time":"2026-07-28T08:11:48.456683+05:30","level":"INFO","msg":"http request completed","request_id":"9663d6c25fc77dd9a7f8e8e37e0daf6d","method":"GET","path":"/static/fervid-app.js","status":200,"bytes":20325,"duration_ms":0,"remote_ip":"::1"}
{"time":"2026-07-28T08:11:48.456682+05:30","level":"INFO","msg":"http request completed","request_id":"99d1d11afdb5f4110572233ca272896a","method":"GET","path":"/static/htmx.min.js","status":200,"bytes":51007,"duration_ms":0,"remote_ip":"::1"}
{"time":"2026-07-28T08:11:48.491186+05:30","level":"INFO","msg":"http request completed","request_id":"33e51cbd9b6f66ccacbe3ffc2d5a1e46","method":"GET","path":"/recoverables/list","status":200,"bytes":35310,"duration_ms":2,"remote_ip":"::1"}
{"time":"2026-07-28T08:11:48.510598+05:30","level":"INFO","msg":"http request completed","request_id":"054287853dca9adf63c48df7bd0936fd","method":"GET","path":"/login","status":200,"bytes":602,"duration_ms":0,"remote_ip":"::1"}
{"time":"2026-07-28T08:11:48.512932+05:30","level":"INFO","msg":"http request completed","request_id":"87f0d359d797af8a50ced97adedd8cdd","method":"GET","path":"/static/fervid-ds.css","status":200,"bytes":93946,"duration_ms":0,"remote_ip":"::1"}
{"time":"2026-07-28T08:11:48.515007+05:30","level":"INFO","msg":"http request completed","request_id":"e130046a8825e86cacae636051180516","method":"GET","path":"/static/fervid-logo.svg","status":200,"bytes":11187,"duration_ms":0,"remote_ip":"::1"}
{"time":"2026-07-28T08:11:48.672686+05:30","level":"INFO","msg":"http request completed","request_id":"530b8d6affcf1fa575cae69f1e0395dd","method":"POST","path":"/login","status":303,"bytes":0,"duration_ms":53,"remote_ip":"::1"}
{"time":"2026-07-28T08:11:48.677744+05:30","level":"INFO","msg":"http request completed","request_id":"780fb0a26861a0d84fae0c03681c2636","method":"GET","path":"/","status":200,"bytes":7582,"duration_ms":4,"remote_ip":"::1"}
{"time":"2026-07-28T08:11:48.68093+05:30","level":"INFO","msg":"http request completed","request_id":"2be3c5aaf0d2450bcdf25ecc1789c540","method":"GET","path":"/static/htmx.min.js","status":200,"bytes":51007,"duration_ms":0,"remote_ip":"::1"}
{"time":"2026-07-28T08:11:48.680927+05:30","level":"INFO","msg":"http request completed","request_id":"8ae35137ca96b4f4b5b7efd29530418d","method":"GET","path":"/static/fervid-app.js","status":200,"bytes":20325,"duration_ms":0,"remote_ip":"::1"}
{"time":"2026-07-28T08:11:48.712448+05:30","level":"INFO","msg":"http request completed","request_id":"28877258df1136091ca05fd3ef0efc82","method":"GET","path":"/recoverables/4","status":200,"bytes":7594,"duration_ms":2,"remote_ip":"::1"}
{"time":"2026-07-28T08:11:49.145362+05:30","level":"INFO","msg":"http request completed","request_id":"f0842fcbbab738ab4446771e273c710f","method":"GET","path":"/login","status":200,"bytes":602,"duration_ms":0,"remote_ip":"::1"}
{"time":"2026-07-28T08:11:49.148529+05:30","level":"INFO","msg":"http request completed","request_id":"8b06af68b04a2d57e8b712a94008455b","method":"GET","path":"/static/fervid-ds.css","status":200,"bytes":93946,"duration_ms":0,"remote_ip":"::1"}
{"time":"2026-07-28T08:11:49.150611+05:30","level":"INFO","msg":"http request completed","request_id":"2d8a8d9ab8ab53f86af57f14c3dc4e1a","method":"GET","path":"/static/fervid-logo.svg","status":200,"bytes":11187,"duration_ms":0,"remote_ip":"::1"}
{"time":"2026-07-28T08:11:49.160965+05:30","level":"INFO","msg":"http request completed","request_id":"b47e29ba28b2999682fa61d87b817b07","method":"GET","path":"/login","status":200,"bytes":602,"duration_ms":0,"remote_ip":"::1"}
{"time":"2026-07-28T08:11:49.163166+05:30","level":"INFO","msg":"http request completed","request_id":"e28a0d6c4bcfaa6af108ec6f97a4c9a9","method":"GET","path":"/static/fervid-ds.css","status":200,"bytes":93946,"duration_ms":0,"remote_ip":"::1"}
{"time":"2026-07-28T08:11:49.166731+05:30","level":"INFO","msg":"http request completed","request_id":"bca02e8cb13d135f543a18a3e578ea59","method":"GET","path":"/static/fervid-logo.svg","status":200,"bytes":11187,"duration_ms":0,"remote_ip":"::1"}
{"time":"2026-07-28T08:11:49.298758+05:30","level":"INFO","msg":"http request completed","request_id":"0f4f9b52d8b1dea78f30112fc24e162e","method":"POST","path":"/login","status":303,"bytes":0,"duration_ms":61,"remote_ip":"::1"}
{"time":"2026-07-28T08:11:49.305953+05:30","level":"INFO","msg":"http request completed","request_id":"56ce790d1d59d62fb1504330f198b4d0","method":"GET","path":"/","status":200,"bytes":11130,"duration_ms":6,"remote_ip":"::1"}
{"time":"2026-07-28T08:11:49.31135+05:30","level":"INFO","msg":"http request completed","request_id":"d59db5c3d83b7682dc4764a713605c56","method":"GET","path":"/static/fervid-app.js","status":200,"bytes":20325,"duration_ms":0,"remote_ip":"::1"}
{"time":"2026-07-28T08:11:49.311589+05:30","level":"INFO","msg":"http request completed","request_id":"82da07a799746895b841a2460114184f","method":"GET","path":"/static/htmx.min.js","status":200,"bytes":51007,"duration_ms":1,"remote_ip":"::1"}
{"time":"2026-07-28T08:11:49.330687+05:30","level":"INFO","msg":"http request completed","request_id":"9274a1dafabdb24b6e5b373d6630a657","method":"POST","path":"/login","status":303,"bytes":0,"duration_ms":68,"remote_ip":"::1"}
{"time":"2026-07-28T08:11:49.338774+05:30","level":"INFO","msg":"http request completed","request_id":"e17bb295e23ccf4be4ab1fda948c06fb","method":"GET","path":"/","status":200,"bytes":11130,"duration_ms":7,"remote_ip":"::1"}
{"time":"2026-07-28T08:11:49.34163+05:30","level":"INFO","msg":"http request completed","request_id":"eb41cc8dee825849b26269ed6cc54822","method":"GET","path":"/static/htmx.min.js","status":200,"bytes":51007,"duration_ms":0,"remote_ip":"::1"}
{"time":"2026-07-28T08:11:49.341802+05:30","level":"INFO","msg":"http request completed","request_id":"ff37a991abd7f9b682ff792e2d79592a","method":"GET","path":"/static/fervid-app.js","status":200,"bytes":20325,"duration_ms":0,"remote_ip":"::1"}
{"time":"2026-07-28T08:11:49.365257+05:30","level":"INFO","msg":"http request completed","request_id":"753ef1b643a9a9956e665d59b75b7ced","method":"GET","path":"/users","status":200,"bytes":356382,"duration_ms":12,"remote_ip":"::1"}
{"time":"2026-07-28T08:11:49.408627+05:30","level":"INFO","msg":"http request completed","request_id":"dbf7c342227d906c5e1fb0c3ec0963d4","method":"GET","path":"/users","status":200,"bytes":356382,"duration_ms":13,"remote_ip":"::1"}
{"time":"2026-07-28T08:11:49.718426+05:30","level":"INFO","msg":"http request completed","request_id":"64c571429d6270950c383968d7e9b601","method":"GET","path":"/login","status":200,"bytes":602,"duration_ms":0,"remote_ip":"::1"}
{"time":"2026-07-28T08:11:49.722457+05:30","level":"INFO","msg":"http request completed","request_id":"4421447a98aca16ce71bea3c0af154a2","method":"GET","path":"/static/fervid-ds.css","status":200,"bytes":93946,"duration_ms":0,"remote_ip":"::1"}
{"time":"2026-07-28T08:11:49.72464+05:30","level":"INFO","msg":"http request completed","request_id":"9b57d0c2b985b7d913a7f86f4dbaeade","method":"GET","path":"/static/fervid-logo.svg","status":200,"bytes":11187,"duration_ms":0,"remote_ip":"::1"}
{"time":"2026-07-28T08:11:49.864971+05:30","level":"INFO","msg":"http request completed","request_id":"382e3fd4ce3136694ae8ec366bca37b1","method":"POST","path":"/login","status":303,"bytes":0,"duration_ms":54,"remote_ip":"::1"}
{"time":"2026-07-28T08:11:49.869332+05:30","level":"INFO","msg":"http request completed","request_id":"cf7e444f5277677f864bfcc29fc2a260","method":"GET","path":"/","status":200,"bytes":11130,"duration_ms":3,"remote_ip":"::1"}
{"time":"2026-07-28T08:11:49.872094+05:30","level":"INFO","msg":"http request completed","request_id":"09de036336181e520140666cf40991d7","method":"GET","path":"/static/fervid-app.js","status":200,"bytes":20325,"duration_ms":0,"remote_ip":"::1"}
{"time":"2026-07-28T08:11:49.872366+05:30","level":"INFO","msg":"http request completed","request_id":"a820c428ee5db0ec1e1e9f5114e3e769","method":"GET","path":"/static/htmx.min.js","status":200,"bytes":51007,"duration_ms":0,"remote_ip":"::1"}
{"time":"2026-07-28T08:11:49.92348+05:30","level":"INFO","msg":"http request completed","request_id":"719ba65bbc3e565be60b0b85d6c15faf","method":"GET","path":"/users","status":200,"bytes":356382,"duration_ms":12,"remote_ip":"::1"}
{"time":"2026-07-28T08:11:49.959345+05:30","level":"INFO","msg":"http request completed","request_id":"6880901667f7c676030dcce541d9aeb0","method":"GET","path":"/login","status":200,"bytes":602,"duration_ms":0,"remote_ip":"::1"}
{"time":"2026-07-28T08:11:49.962651+05:30","level":"INFO","msg":"http request completed","request_id":"6656262cbf8f468c57dc14f31a2df20f","method":"GET","path":"/static/fervid-ds.css","status":200,"bytes":93946,"duration_ms":0,"remote_ip":"::1"}
{"time":"2026-07-28T08:11:49.964861+05:30","level":"INFO","msg":"http request completed","request_id":"38288d6385334adaefd0e231ceaf9298","method":"GET","path":"/static/fervid-logo.svg","status":200,"bytes":11187,"duration_ms":0,"remote_ip":"::1"}
{"time":"2026-07-28T08:11:50.123056+05:30","level":"INFO","msg":"http request completed","request_id":"21d89bd22458a128db5199fe050f51b5","method":"POST","path":"/login","status":303,"bytes":0,"duration_ms":61,"remote_ip":"::1"}
{"time":"2026-07-28T08:11:50.126815+05:30","level":"INFO","msg":"http request completed","request_id":"b8bed8294af8192b204971881c9d661d","method":"GET","path":"/","status":200,"bytes":11130,"duration_ms":3,"remote_ip":"::1"}
{"time":"2026-07-28T08:11:50.129425+05:30","level":"INFO","msg":"http request completed","request_id":"9033b0a177e62bc2870e2fb371b4c981","method":"GET","path":"/static/htmx.min.js","status":200,"bytes":51007,"duration_ms":0,"remote_ip":"::1"}
{"time":"2026-07-28T08:11:50.129891+05:30","level":"INFO","msg":"http request completed","request_id":"39f6c1dd5262e27175a5bd2bdaf2fe0d","method":"GET","path":"/static/fervid-app.js","status":200,"bytes":20325,"duration_ms":0,"remote_ip":"::1"}
{"time":"2026-07-28T08:11:50.170169+05:30","level":"INFO","msg":"http request completed","request_id":"747ea713625970d4ee50c10faffced48","method":"GET","path":"/roles","status":200,"bytes":49290,"duration_ms":5,"remote_ip":"::1"}
{"time":"2026-07-28T08:11:51.040832+05:30","level":"INFO","msg":"http request completed","request_id":"a5bd3fd982a470063c5900b14ed33464","method":"GET","path":"/login","status":200,"bytes":602,"duration_ms":0,"remote_ip":"::1"}
{"time":"2026-07-28T08:11:51.043109+05:30","level":"INFO","msg":"http request completed","request_id":"858c3c0c4f07065c4c7a639b7a8c23c6","method":"GET","path":"/static/fervid-ds.css","status":200,"bytes":93946,"duration_ms":0,"remote_ip":"::1"}
{"time":"2026-07-28T08:11:51.045797+05:30","level":"INFO","msg":"http request completed","request_id":"dc6adb7c8cf61dc5e987cc0b5f05bb58","method":"GET","path":"/static/fervid-logo.svg","status":200,"bytes":11187,"duration_ms":0,"remote_ip":"::1"}
{"time":"2026-07-28T08:11:51.145203+05:30","level":"INFO","msg":"http request completed","request_id":"84ea91dcfa2d72bd561cd7e76a48bd30","method":"GET","path":"/login","status":200,"bytes":602,"duration_ms":0,"remote_ip":"::1"}
{"time":"2026-07-28T08:11:51.147207+05:30","level":"INFO","msg":"http request completed","request_id":"cb5af7731ff078cb5bbc5f2c4bdde2fc","method":"GET","path":"/static/fervid-ds.css","status":200,"bytes":93946,"duration_ms":0,"remote_ip":"::1"}
{"time":"2026-07-28T08:11:51.14992+05:30","level":"INFO","msg":"http request completed","request_id":"02bb39182218438243639d7304c0406a","method":"GET","path":"/static/fervid-logo.svg","status":200,"bytes":11187,"duration_ms":0,"remote_ip":"::1"}
{"time":"2026-07-28T08:11:51.194646+05:30","level":"INFO","msg":"http request completed","request_id":"7a845acfb27369f19b954b0596090c7b","method":"POST","path":"/login","status":303,"bytes":0,"duration_ms":58,"remote_ip":"::1"}
{"time":"2026-07-28T08:11:51.198682+05:30","level":"INFO","msg":"http request completed","request_id":"2967956e3db965b8e55f972e9cf8b0d7","method":"GET","path":"/","status":200,"bytes":11130,"duration_ms":3,"remote_ip":"::1"}
{"time":"2026-07-28T08:11:51.201894+05:30","level":"INFO","msg":"http request completed","request_id":"da9dec3bd5b5c50b9f69088d0e2b2d96","method":"GET","path":"/static/htmx.min.js","status":200,"bytes":51007,"duration_ms":0,"remote_ip":"::1"}
{"time":"2026-07-28T08:11:51.203716+05:30","level":"INFO","msg":"http request completed","request_id":"36febdfefeb3f91d7750b873a047487e","method":"GET","path":"/static/fervid-app.js","status":200,"bytes":20325,"duration_ms":0,"remote_ip":"::1"}
{"time":"2026-07-28T08:11:51.244022+05:30","level":"INFO","msg":"http request completed","request_id":"54a4e0619093834c1d5903c6f487b80d","method":"GET","path":"/roles","status":200,"bytes":49290,"duration_ms":5,"remote_ip":"::1"}
{"time":"2026-07-28T08:11:51.367138+05:30","level":"INFO","msg":"http request completed","request_id":"6b52a8613d64c280e8bd030a21d78ad9","method":"GET","path":"/login","status":200,"bytes":602,"duration_ms":0,"remote_ip":"::1"}
{"time":"2026-07-28T08:11:51.369439+05:30","level":"INFO","msg":"http request completed","request_id":"15c9c0e07c290c512bfc476915788e8c","method":"GET","path":"/static/fervid-ds.css","status":200,"bytes":93946,"duration_ms":0,"remote_ip":"::1"}
{"time":"2026-07-28T08:11:51.37216+05:30","level":"INFO","msg":"http request completed","request_id":"81c24540b0463bac74d7745ad1e35033","method":"GET","path":"/static/fervid-logo.svg","status":200,"bytes":11187,"duration_ms":0,"remote_ip":"::1"}
{"time":"2026-07-28T08:11:51.392238+05:30","level":"INFO","msg":"http request completed","request_id":"bd90a0418486c3d508d94d23ae353c0a","method":"POST","path":"/login","status":303,"bytes":0,"duration_ms":56,"remote_ip":"::1"}
{"time":"2026-07-28T08:11:51.398637+05:30","level":"INFO","msg":"http request completed","request_id":"6547ce410d793b0ea006c78385ba9400","method":"GET","path":"/","status":200,"bytes":11130,"duration_ms":5,"remote_ip":"::1"}
{"time":"2026-07-28T08:11:51.401625+05:30","level":"INFO","msg":"http request completed","request_id":"90798f0313931aa383c7db13ef452012","method":"GET","path":"/static/fervid-app.js","status":200,"bytes":20325,"duration_ms":0,"remote_ip":"::1"}
{"time":"2026-07-28T08:11:51.401681+05:30","level":"INFO","msg":"http request completed","request_id":"0dad4a76a897e4539425a187e5135470","method":"GET","path":"/static/htmx.min.js","status":200,"bytes":51007,"duration_ms":0,"remote_ip":"::1"}
{"time":"2026-07-28T08:11:51.43965+05:30","level":"INFO","msg":"http request completed","request_id":"68e438fa308df9ebca95feb5b6bf2b45","method":"GET","path":"/roles","status":200,"bytes":49290,"duration_ms":4,"remote_ip":"::1"}
{"time":"2026-07-28T08:11:51.500303+05:30","level":"INFO","msg":"http request completed","request_id":"542245c086bd42ebae31e5a0284c538c","method":"POST","path":"/login","status":303,"bytes":0,"duration_ms":55,"remote_ip":"::1"}
{"time":"2026-07-28T08:11:51.506415+05:30","level":"INFO","msg":"http request completed","request_id":"943234df341fc2176bf85663c00899e8","method":"GET","path":"/","status":200,"bytes":11130,"duration_ms":5,"remote_ip":"::1"}
{"time":"2026-07-28T08:11:51.50914+05:30","level":"INFO","msg":"http request completed","request_id":"c7e91c2f82dbd5e8ff3d5a89420e9285","method":"GET","path":"/static/htmx.min.js","status":200,"bytes":51007,"duration_ms":0,"remote_ip":"::1"}
{"time":"2026-07-28T08:11:51.509568+05:30","level":"INFO","msg":"http request completed","request_id":"0029d3c336ce90215adb26b0c0a1abdf","method":"GET","path":"/static/fervid-app.js","status":200,"bytes":20325,"duration_ms":0,"remote_ip":"::1"}
{"time":"2026-07-28T08:11:51.553482+05:30","level":"INFO","msg":"http request completed","request_id":"432c123733f48cf46ce0f4e6d612a7e7","method":"GET","path":"/projects","status":200,"bytes":24534,"duration_ms":1,"remote_ip":"::1"}
{"time":"2026-07-28T08:11:51.681435+05:30","level":"INFO","msg":"http request completed","request_id":"79a5ccac99724dbdbdee309a3816bbec","method":"GET","path":"/login","status":200,"bytes":602,"duration_ms":0,"remote_ip":"::1"}
{"time":"2026-07-28T08:11:51.683817+05:30","level":"INFO","msg":"http request completed","request_id":"6a4f74e3c12437dfaebba7b3fac16683","method":"GET","path":"/static/fervid-ds.css","status":200,"bytes":93946,"duration_ms":0,"remote_ip":"::1"}
{"time":"2026-07-28T08:11:51.686692+05:30","level":"INFO","msg":"http request completed","request_id":"5db8bca31f78bc0f8fa15c3d719e663a","method":"GET","path":"/static/fervid-logo.svg","status":200,"bytes":11187,"duration_ms":0,"remote_ip":"::1"}
{"time":"2026-07-28T08:11:51.83027+05:30","level":"INFO","msg":"http request completed","request_id":"e43329861599ac1185c66c084b3eebdc","method":"POST","path":"/login","status":303,"bytes":0,"duration_ms":60,"remote_ip":"::1"}
{"time":"2026-07-28T08:11:51.834187+05:30","level":"INFO","msg":"http request completed","request_id":"5a774ff22f9e70deff4767e5ba92c171","method":"GET","path":"/","status":200,"bytes":11130,"duration_ms":3,"remote_ip":"::1"}
{"time":"2026-07-28T08:11:51.836626+05:30","level":"INFO","msg":"http request completed","request_id":"44eefe3b73f9527ed7cf894a1a8b7176","method":"GET","path":"/static/htmx.min.js","status":200,"bytes":51007,"duration_ms":0,"remote_ip":"::1"}
{"time":"2026-07-28T08:11:51.836659+05:30","level":"INFO","msg":"http request completed","request_id":"7a6aeb4be04d45fed5b07d14e602e338","method":"GET","path":"/static/fervid-app.js","status":200,"bytes":20325,"duration_ms":0,"remote_ip":"::1"}
{"time":"2026-07-28T08:11:51.894334+05:30","level":"INFO","msg":"http request completed","request_id":"f12f6ed8b7cf690dc1fd659eb557cb27","method":"GET","path":"/heads","status":200,"bytes":483905,"duration_ms":20,"remote_ip":"::1"}
{"time":"2026-07-28T08:11:52.516207+05:30","level":"INFO","msg":"http request completed","request_id":"c74d3538606329fdc6a261d7928691a7","method":"GET","path":"/login","status":200,"bytes":602,"duration_ms":0,"remote_ip":"::1"}
{"time":"2026-07-28T08:11:52.518785+05:30","level":"INFO","msg":"http request completed","request_id":"678c6f268884d547c76ad93dac17a02b","method":"GET","path":"/static/fervid-ds.css","status":200,"bytes":93946,"duration_ms":0,"remote_ip":"::1"}
{"time":"2026-07-28T08:11:52.521165+05:30","level":"INFO","msg":"http request completed","request_id":"c3f9f5c4ed56abd2d8930f2b72f4915b","method":"GET","path":"/static/fervid-logo.svg","status":200,"bytes":11187,"duration_ms":0,"remote_ip":"::1"}
{"time":"2026-07-28T08:11:52.65944+05:30","level":"INFO","msg":"http request completed","request_id":"5ca9a462b600f3b724d6a6acf8fa510f","method":"POST","path":"/login","status":303,"bytes":0,"duration_ms":56,"remote_ip":"::1"}
{"time":"2026-07-28T08:11:52.664439+05:30","level":"INFO","msg":"http request completed","request_id":"f12a233f2636a29dd28986fa22c3c284","method":"GET","path":"/","status":200,"bytes":11130,"duration_ms":4,"remote_ip":"::1"}
{"time":"2026-07-28T08:11:52.667864+05:30","level":"INFO","msg":"http request completed","request_id":"74dd10fe98380ece74d12ff597fe3841","method":"GET","path":"/static/fervid-app.js","status":200,"bytes":20325,"duration_ms":0,"remote_ip":"::1"}
{"time":"2026-07-28T08:11:52.667937+05:30","level":"INFO","msg":"http request completed","request_id":"e2abee6a0095c33fa72a5efc37c9729b","method":"GET","path":"/static/htmx.min.js","status":200,"bytes":51007,"duration_ms":0,"remote_ip":"::1"}
{"time":"2026-07-28T08:11:52.716894+05:30","level":"INFO","msg":"http request completed","request_id":"abd53957493c9ae6b4757a4a8e66601f","method":"GET","path":"/budgets","status":200,"bytes":104531,"duration_ms":9,"remote_ip":"::1"}
{"time":"2026-07-28T08:11:52.730296+05:30","level":"INFO","msg":"http request completed","request_id":"3e663d0b0de4f01e590a041adfefe375","method":"GET","path":"/login","status":200,"bytes":602,"duration_ms":0,"remote_ip":"::1"}
{"time":"2026-07-28T08:11:52.732866+05:30","level":"INFO","msg":"http request completed","request_id":"af73248a0e10001f3768af1b63898c30","method":"GET","path":"/static/fervid-ds.css","status":200,"bytes":93946,"duration_ms":0,"remote_ip":"::1"}
{"time":"2026-07-28T08:11:52.73592+05:30","level":"INFO","msg":"http request completed","request_id":"f929d547ff4cf4f1aa880c71eb390a24","method":"GET","path":"/static/fervid-logo.svg","status":200,"bytes":11187,"duration_ms":0,"remote_ip":"::1"}
{"time":"2026-07-28T08:11:52.820545+05:30","level":"INFO","msg":"http request completed","request_id":"d9db7079b1b5a2e7bb15a8091cc8fce9","method":"GET","path":"/login","status":200,"bytes":602,"duration_ms":0,"remote_ip":"::1"}
{"time":"2026-07-28T08:11:52.822566+05:30","level":"INFO","msg":"http request completed","request_id":"89861d7c73e59771c1aa4ddd670fd5d5","method":"GET","path":"/static/fervid-ds.css","status":200,"bytes":93946,"duration_ms":0,"remote_ip":"::1"}
{"time":"2026-07-28T08:11:52.824898+05:30","level":"INFO","msg":"http request completed","request_id":"13e6f3f389b9e4d2079e6ff108d2e3f8","method":"GET","path":"/static/fervid-logo.svg","status":200,"bytes":11187,"duration_ms":0,"remote_ip":"::1"}
{"time":"2026-07-28T08:11:52.885694+05:30","level":"INFO","msg":"http request completed","request_id":"15b1f69943ed1cbf798e78c8dcbc9108","method":"POST","path":"/login","status":303,"bytes":0,"duration_ms":57,"remote_ip":"::1"}
{"time":"2026-07-28T08:11:52.890139+05:30","level":"INFO","msg":"http request completed","request_id":"723d3d3f65b395db331b1b136a9f94f4","method":"GET","path":"/","status":200,"bytes":11130,"duration_ms":3,"remote_ip":"::1"}
{"time":"2026-07-28T08:11:52.892876+05:30","level":"INFO","msg":"http request completed","request_id":"b7a28d0c9220147d29f825298a601cf9","method":"GET","path":"/static/htmx.min.js","status":200,"bytes":51007,"duration_ms":0,"remote_ip":"::1"}
{"time":"2026-07-28T08:11:52.892937+05:30","level":"INFO","msg":"http request completed","request_id":"79fc3c077f878181d89c9d6ec11255fb","method":"GET","path":"/static/fervid-app.js","status":200,"bytes":20325,"duration_ms":0,"remote_ip":"::1"}
{"time":"2026-07-28T08:11:52.948602+05:30","level":"INFO","msg":"http request completed","request_id":"2bb0f880b786625dea1f91f89951263e","method":"GET","path":"/months","status":200,"bytes":13266,"duration_ms":18,"remote_ip":"::1"}
{"time":"2026-07-28T08:11:52.974716+05:30","level":"INFO","msg":"http request completed","request_id":"b10cd6bd3f190aaa16ade4cdb313c19c","method":"POST","path":"/login","status":303,"bytes":0,"duration_ms":61,"remote_ip":"::1"}
{"time":"2026-07-28T08:11:52.981098+05:30","level":"INFO","msg":"http request completed","request_id":"2eb64972a5a4cb28b442779e97789c98","method":"GET","path":"/","status":200,"bytes":11130,"duration_ms":5,"remote_ip":"::1"}
{"time":"2026-07-28T08:11:52.984763+05:30","level":"INFO","msg":"http request completed","request_id":"2fc71f4900d097529203623e3ab3cf5e","method":"GET","path":"/static/fervid-app.js","status":200,"bytes":20325,"duration_ms":0,"remote_ip":"::1"}
{"time":"2026-07-28T08:11:52.984959+05:30","level":"INFO","msg":"http request completed","request_id":"6a8ed0e5d55e853d714e8b48606a8492","method":"GET","path":"/static/htmx.min.js","status":200,"bytes":51007,"duration_ms":0,"remote_ip":"::1"}
{"time":"2026-07-28T08:11:53.031053+05:30","level":"INFO","msg":"http request completed","request_id":"49251fb7e3303f65c3b63d4c77c373df","method":"GET","path":"/months","status":200,"bytes":13266,"duration_ms":11,"remote_ip":"::1"}
{"time":"2026-07-28T08:11:53.070202+05:30","level":"INFO","msg":"http request completed","request_id":"e974980db0df586a3e5bd14e0c12b969","method":"POST","path":"/months/2026-03/lock","status":303,"bytes":0,"duration_ms":1,"remote_ip":"::1"}
{"time":"2026-07-28T08:11:53.085+05:30","level":"INFO","msg":"http request completed","request_id":"394dae535c8b2be609ddabbbf6ef5d79","method":"GET","path":"/grid","status":200,"bytes":333476,"duration_ms":13,"remote_ip":"::1"}
{"time":"2026-07-28T08:11:53.11852+05:30","level":"INFO","msg":"http request completed","request_id":"5a99a74c304d3a61cd28450d945d9aa6","method":"GET","path":"/months","status":200,"bytes":13305,"duration_ms":27,"remote_ip":"::1"}
{"time":"2026-07-28T08:11:54.065617+05:30","level":"INFO","msg":"http request completed","request_id":"bb109a5613ee5a06d3586af46154d045","method":"GET","path":"/login","status":200,"bytes":602,"duration_ms":0,"remote_ip":"::1"}
{"time":"2026-07-28T08:11:54.068454+05:30","level":"INFO","msg":"http request completed","request_id":"bfb9065bf937074f28f4c2b97f53b037","method":"GET","path":"/static/fervid-ds.css","status":200,"bytes":93946,"duration_ms":0,"remote_ip":"::1"}
{"time":"2026-07-28T08:11:54.070588+05:30","level":"INFO","msg":"http request completed","request_id":"b975e2db55c744d7941426bfe3d88e69","method":"GET","path":"/static/fervid-logo.svg","status":200,"bytes":11187,"duration_ms":0,"remote_ip":"::1"}
{"time":"2026-07-28T08:11:54.194883+05:30","level":"INFO","msg":"http request completed","request_id":"a7aed01122f45764465d71fd164ae4d2","method":"POST","path":"/months/2026-03/unlock","status":303,"bytes":0,"duration_ms":0,"remote_ip":"::1"}
{"time":"2026-07-28T08:11:54.206655+05:30","level":"INFO","msg":"http request completed","request_id":"6c4a494a6b91294b35b87bc43fa720cd","method":"GET","path":"/grid","status":200,"bytes":342433,"duration_ms":11,"remote_ip":"::1"}
{"time":"2026-07-28T08:11:54.221071+05:30","level":"INFO","msg":"http request completed","request_id":"ec52efa860b56a4d589e858ce5bed6b1","method":"POST","path":"/login","status":303,"bytes":0,"duration_ms":59,"remote_ip":"::1"}
{"time":"2026-07-28T08:11:54.226596+05:30","level":"INFO","msg":"http request completed","request_id":"acdeae9ebb8daa2b9ee6117979f13327","method":"GET","path":"/","status":200,"bytes":11130,"duration_ms":2,"remote_ip":"::1"}
{"time":"2026-07-28T08:11:54.229083+05:30","level":"INFO","msg":"http request completed","request_id":"0b6973e20c46819aca3a22309c679ae1","method":"GET","path":"/static/htmx.min.js","status":200,"bytes":51007,"duration_ms":0,"remote_ip":"::1"}
{"time":"2026-07-28T08:11:54.22925+05:30","level":"INFO","msg":"http request completed","request_id":"df7c02a49ffa520741dc65564f87a8d0","method":"GET","path":"/static/fervid-app.js","status":200,"bytes":20325,"duration_ms":0,"remote_ip":"::1"}
{"time":"2026-07-28T08:11:54.272166+05:30","level":"INFO","msg":"http request completed","request_id":"cf8e14f81bac2e62ae45021bd805f608","method":"GET","path":"/vendors","status":200,"bytes":15798,"duration_ms":3,"remote_ip":"::1"}
{"time":"2026-07-28T08:11:54.273587+05:30","level":"INFO","msg":"http request completed","request_id":"ff69654b701132a8c01f8803c856c74c","method":"GET","path":"/login","status":200,"bytes":602,"duration_ms":0,"remote_ip":"::1"}
{"time":"2026-07-28T08:11:54.275779+05:30","level":"INFO","msg":"http request completed","request_id":"87324d237d78fa8c1bb5467b504d3608","method":"GET","path":"/static/fervid-ds.css","status":200,"bytes":93946,"duration_ms":0,"remote_ip":"::1"}
{"time":"2026-07-28T08:11:54.278153+05:30","level":"INFO","msg":"http request completed","request_id":"58d9ff06f4a917d0b042f425aeda52f6","method":"GET","path":"/static/fervid-logo.svg","status":200,"bytes":11187,"duration_ms":0,"remote_ip":"::1"}
{"time":"2026-07-28T08:11:54.436983+05:30","level":"INFO","msg":"http request completed","request_id":"32d9bd29f041354f0942972b88b025c9","method":"POST","path":"/login","status":303,"bytes":0,"duration_ms":67,"remote_ip":"::1"}
{"time":"2026-07-28T08:11:54.440647+05:30","level":"INFO","msg":"http request completed","request_id":"55b5c3ea2aa9a128692a67ecc9c40d79","method":"GET","path":"/","status":200,"bytes":11130,"duration_ms":2,"remote_ip":"::1"}
{"time":"2026-07-28T08:11:54.442974+05:30","level":"INFO","msg":"http request completed","request_id":"f9a6a338d8a6737e391962cbb595b872","method":"GET","path":"/static/fervid-app.js","status":200,"bytes":20325,"duration_ms":0,"remote_ip":"::1"}
{"time":"2026-07-28T08:11:54.442979+05:30","level":"INFO","msg":"http request completed","request_id":"d82854c17ff20a826aa65043bed3ced0","method":"GET","path":"/static/htmx.min.js","status":200,"bytes":51007,"duration_ms":0,"remote_ip":"::1"}
{"time":"2026-07-28T08:11:54.479975+05:30","level":"INFO","msg":"http request completed","request_id":"8d2f7c8f0147ec45152095a3d09bf30a","method":"GET","path":"/vendors/new","status":200,"bytes":13510,"duration_ms":3,"remote_ip":"::1"}
{"time":"2026-07-28T08:11:55.386526+05:30","level":"INFO","msg":"http request completed","request_id":"adf1ba0c013d029244df2ae52345d6b6","method":"GET","path":"/login","status":200,"bytes":602,"duration_ms":0,"remote_ip":"::1"}
{"time":"2026-07-28T08:11:55.390728+05:30","level":"INFO","msg":"http request completed","request_id":"1a433b5007c6b162d615a5438404ff03","method":"GET","path":"/static/fervid-ds.css","status":200,"bytes":93946,"duration_ms":0,"remote_ip":"::1"}
{"time":"2026-07-28T08:11:55.39487+05:30","level":"INFO","msg":"http request completed","request_id":"bfe4d1918bfa2c2999cb74753fdfd0f5","method":"GET","path":"/static/fervid-logo.svg","status":200,"bytes":11187,"duration_ms":1,"remote_ip":"::1"}
{"time":"2026-07-28T08:11:55.553301+05:30","level":"INFO","msg":"http request completed","request_id":"cc16bd2c74b9f5f78bc645aaa30479f4","method":"POST","path":"/login","status":303,"bytes":0,"duration_ms":58,"remote_ip":"::1"}
{"time":"2026-07-28T08:11:55.558342+05:30","level":"INFO","msg":"http request completed","request_id":"c261853f8bcff1cfd1c9fe6e5f6ddcbd","method":"GET","path":"/","status":200,"bytes":11130,"duration_ms":3,"remote_ip":"::1"}
{"time":"2026-07-28T08:11:55.560807+05:30","level":"INFO","msg":"http request completed","request_id":"dd15e95a79e684d3d3e02aeebcbff4e4","method":"GET","path":"/static/htmx.min.js","status":200,"bytes":51007,"duration_ms":0,"remote_ip":"::1"}
{"time":"2026-07-28T08:11:55.560845+05:30","level":"INFO","msg":"http request completed","request_id":"168d6ec12f1606517dce62507f957a31","method":"GET","path":"/static/fervid-app.js","status":200,"bytes":20325,"duration_ms":0,"remote_ip":"::1"}
{"time":"2026-07-28T08:11:55.598166+05:30","level":"INFO","msg":"http request completed","request_id":"205f0f537c111634b1cfddeba17c65ec","method":"GET","path":"/vendors/1","status":200,"bytes":13816,"duration_ms":1,"remote_ip":"::1"}
{"time":"2026-07-28T08:11:55.620802+05:30","level":"INFO","msg":"http request completed","request_id":"71eeaf1444ecaa6415902a1a245d49da","method":"GET","path":"/login","status":200,"bytes":602,"duration_ms":0,"remote_ip":"::1"}
{"time":"2026-07-28T08:11:55.623272+05:30","level":"INFO","msg":"http request completed","request_id":"34618c010741f5778a5df7549b30db91","method":"GET","path":"/static/fervid-ds.css","status":200,"bytes":93946,"duration_ms":0,"remote_ip":"::1"}
{"time":"2026-07-28T08:11:55.625476+05:30","level":"INFO","msg":"http request completed","request_id":"289da8242ab56e0fd7f94e55c2adc701","method":"GET","path":"/static/fervid-logo.svg","status":200,"bytes":11187,"duration_ms":0,"remote_ip":"::1"}
{"time":"2026-07-28T08:11:55.767248+05:30","level":"INFO","msg":"http request completed","request_id":"ad62e64f7c2feac247e5075f66b25097","method":"POST","path":"/login","status":303,"bytes":0,"duration_ms":54,"remote_ip":"::1"}
{"time":"2026-07-28T08:11:55.771123+05:30","level":"INFO","msg":"http request completed","request_id":"5f9344cf8586a6a696a3dc26158698e9","method":"GET","path":"/","status":200,"bytes":11130,"duration_ms":3,"remote_ip":"::1"}
{"time":"2026-07-28T08:11:55.773583+05:30","level":"INFO","msg":"http request completed","request_id":"6bc897377abaeffc672fe16aaf1cd91e","method":"GET","path":"/static/htmx.min.js","status":200,"bytes":51007,"duration_ms":0,"remote_ip":"::1"}
{"time":"2026-07-28T08:11:55.773797+05:30","level":"INFO","msg":"http request completed","request_id":"f61e2c2a7ad4014eae147a6314506601","method":"GET","path":"/static/fervid-app.js","status":200,"bytes":20325,"duration_ms":0,"remote_ip":"::1"}
{"time":"2026-07-28T08:11:55.816005+05:30","level":"INFO","msg":"http request completed","request_id":"4df8d8e0bebce24811be3b2b70853aa0","method":"GET","path":"/configuration","status":200,"bytes":23119,"duration_ms":2,"remote_ip":"::1"}
{"time":"2026-07-28T08:11:56.189662+05:30","level":"INFO","msg":"http request completed","request_id":"e67f7b7d94024f63783221ed9992c1f4","method":"GET","path":"/login","status":200,"bytes":602,"duration_ms":0,"remote_ip":"::1"}
{"time":"2026-07-28T08:11:56.191642+05:30","level":"INFO","msg":"http request completed","request_id":"816ed22092b0129ed74e92a7970247e3","method":"GET","path":"/static/fervid-ds.css","status":200,"bytes":93946,"duration_ms":0,"remote_ip":"::1"}
{"time":"2026-07-28T08:11:56.194292+05:30","level":"INFO","msg":"http request completed","request_id":"dfca945707244acf83465d6d91e77c02","method":"GET","path":"/static/fervid-logo.svg","status":200,"bytes":11187,"duration_ms":0,"remote_ip":"::1"}
{"time":"2026-07-28T08:11:56.378149+05:30","level":"INFO","msg":"http request completed","request_id":"9e53bad3f5a66a2737c38a8a5de9c021","method":"POST","path":"/login","status":303,"bytes":0,"duration_ms":58,"remote_ip":"::1"}
{"time":"2026-07-28T08:11:56.3851+05:30","level":"INFO","msg":"http request completed","request_id":"37ba008c5d62d6e704346d3c086e3c22","method":"GET","path":"/","status":200,"bytes":11130,"duration_ms":6,"remote_ip":"::1"}
{"time":"2026-07-28T08:11:56.387681+05:30","level":"INFO","msg":"http request completed","request_id":"ed542142fa89bf5e2efac370a2dd9df3","method":"GET","path":"/static/htmx.min.js","status":200,"bytes":51007,"duration_ms":0,"remote_ip":"::1"}
{"time":"2026-07-28T08:11:56.387729+05:30","level":"INFO","msg":"http request completed","request_id":"3ef5f5a106ec9b85cffa0b73594dd2ea","method":"GET","path":"/static/fervid-app.js","status":200,"bytes":20325,"duration_ms":0,"remote_ip":"::1"}
{"time":"2026-07-28T08:11:56.438795+05:30","level":"INFO","msg":"http request completed","request_id":"62b44467e0fc3f54e4a4d9f2596049ab","method":"GET","path":"/admin/notifications","status":200,"bytes":87111,"duration_ms":10,"remote_ip":"::1"}
{"time":"2026-07-28T08:11:56.669481+05:30","level":"INFO","msg":"http request completed","request_id":"a04da78ac7822270243431cd695a7548","method":"GET","path":"/login","status":200,"bytes":602,"duration_ms":0,"remote_ip":"::1"}
{"time":"2026-07-28T08:11:56.67148+05:30","level":"INFO","msg":"http request completed","request_id":"24379fee2fc6d8f9c97efd2b7c2eaae2","method":"GET","path":"/static/fervid-ds.css","status":200,"bytes":93946,"duration_ms":0,"remote_ip":"::1"}
{"time":"2026-07-28T08:11:56.673965+05:30","level":"INFO","msg":"http request completed","request_id":"c4a9fbeacff17fffe645999bcaed93b2","method":"GET","path":"/static/fervid-logo.svg","status":200,"bytes":11187,"duration_ms":0,"remote_ip":"::1"}
{"time":"2026-07-28T08:11:56.814864+05:30","level":"INFO","msg":"http request completed","request_id":"a8dd4ae5d7306ac26ca56a236e6d3015","method":"POST","path":"/login","status":303,"bytes":0,"duration_ms":53,"remote_ip":"::1"}
{"time":"2026-07-28T08:11:56.819166+05:30","level":"INFO","msg":"http request completed","request_id":"87ae1c06f306a8e8798310ec450a842f","method":"GET","path":"/","status":200,"bytes":11130,"duration_ms":3,"remote_ip":"::1"}
{"time":"2026-07-28T08:11:56.821821+05:30","level":"INFO","msg":"http request completed","request_id":"d37736ab32aaed03066f71fc96743bce","method":"GET","path":"/static/htmx.min.js","status":200,"bytes":51007,"duration_ms":0,"remote_ip":"::1"}
{"time":"2026-07-28T08:11:56.821878+05:30","level":"INFO","msg":"http request completed","request_id":"69cb8b75d920a9ad89f755bdb785eef1","method":"GET","path":"/static/fervid-app.js","status":200,"bytes":20325,"duration_ms":0,"remote_ip":"::1"}
{"time":"2026-07-28T08:11:56.862121+05:30","level":"INFO","msg":"http request completed","request_id":"818dee37d41c073a12879b9659b507ea","method":"GET","path":"/admin/notifications","status":200,"bytes":87111,"duration_ms":4,"remote_ip":"::1"}
{"time":"2026-07-28T08:11:56.936862+05:30","level":"INFO","msg":"http request completed","request_id":"3e9c5a5a97cb7b6508904e1c7e2be328","method":"GET","path":"/login","status":200,"bytes":602,"duration_ms":0,"remote_ip":"::1"}
{"time":"2026-07-28T08:11:56.93911+05:30","level":"INFO","msg":"http request completed","request_id":"8372568787e46c3b4514ebc6d3112f9c","method":"GET","path":"/static/fervid-ds.css","status":200,"bytes":93946,"duration_ms":0,"remote_ip":"::1"}
{"time":"2026-07-28T08:11:56.941202+05:30","level":"INFO","msg":"http request completed","request_id":"98e38cfbd461994e88beb8853e35026f","method":"GET","path":"/static/fervid-logo.svg","status":200,"bytes":11187,"duration_ms":0,"remote_ip":"::1"}
{"time":"2026-07-28T08:11:57.082762+05:30","level":"INFO","msg":"http request completed","request_id":"fa6849402c8012e3b22e61b99d1fa986","method":"POST","path":"/login","status":303,"bytes":0,"duration_ms":63,"remote_ip":"::1"}
{"time":"2026-07-28T08:11:57.089276+05:30","level":"INFO","msg":"http request completed","request_id":"f94551fd3bcbdaa396b6ac5fdba38202","method":"GET","path":"/","status":200,"bytes":11130,"duration_ms":4,"remote_ip":"::1"}
{"time":"2026-07-28T08:11:57.092123+05:30","level":"INFO","msg":"http request completed","request_id":"66a8d5e39679c662cf7521b7e5eb13c9","method":"GET","path":"/static/htmx.min.js","status":200,"bytes":51007,"duration_ms":0,"remote_ip":"::1"}
{"time":"2026-07-28T08:11:57.092123+05:30","level":"INFO","msg":"http request completed","request_id":"e95c19e82014a9d367c3fe5556697abe","method":"GET","path":"/static/fervid-app.js","status":200,"bytes":20325,"duration_ms":0,"remote_ip":"::1"}
{"time":"2026-07-28T08:11:57.133816+05:30","level":"INFO","msg":"http request completed","request_id":"0462872ffcdf3dbdb053a34641fd18c9","method":"GET","path":"/audit","status":200,"bytes":63615,"duration_ms":6,"remote_ip":"::1"}
{"time":"2026-07-28T08:11:57.758304+05:30","level":"INFO","msg":"http request completed","request_id":"5fd38ee090714c25ab647a38689ba710","method":"GET","path":"/login","status":200,"bytes":602,"duration_ms":0,"remote_ip":"::1"}
{"time":"2026-07-28T08:11:57.761149+05:30","level":"INFO","msg":"http request completed","request_id":"9bbeef10881ca322ed76f912496b5211","method":"GET","path":"/static/fervid-ds.css","status":200,"bytes":93946,"duration_ms":0,"remote_ip":"::1"}
{"time":"2026-07-28T08:11:57.763659+05:30","level":"INFO","msg":"http request completed","request_id":"de6499ab4c8932f624cddb51123c9bf0","method":"GET","path":"/static/fervid-logo.svg","status":200,"bytes":11187,"duration_ms":0,"remote_ip":"::1"}
{"time":"2026-07-28T08:11:57.959461+05:30","level":"INFO","msg":"http request completed","request_id":"7e4f91db5af96793f9633623244b4a69","method":"POST","path":"/login","status":303,"bytes":0,"duration_ms":55,"remote_ip":"::1"}
{"time":"2026-07-28T08:11:57.964186+05:30","level":"INFO","msg":"http request completed","request_id":"468b4d7b1fdb9e9c1d41336ca8e5aceb","method":"GET","path":"/","status":200,"bytes":11130,"duration_ms":3,"remote_ip":"::1"}
{"time":"2026-07-28T08:11:57.966778+05:30","level":"INFO","msg":"http request completed","request_id":"2a83519e9a4502b72023cf45ed19582d","method":"GET","path":"/static/htmx.min.js","status":200,"bytes":51007,"duration_ms":0,"remote_ip":"::1"}
{"time":"2026-07-28T08:11:57.967093+05:30","level":"INFO","msg":"http request completed","request_id":"35c0be9eaddf890ec9173c9e650f09f0","method":"GET","path":"/static/fervid-app.js","status":200,"bytes":20325,"duration_ms":0,"remote_ip":"::1"}
{"time":"2026-07-28T08:11:58.006789+05:30","level":"INFO","msg":"http request completed","request_id":"26e94371a3de79e6f90b812f0f752c85","method":"GET","path":"/backups","status":200,"bytes":7781,"duration_ms":2,"remote_ip":"::1"}
{"time":"2026-07-28T08:11:58.327499+05:30","level":"INFO","msg":"http request completed","request_id":"3d9dde4a97667e93e2fcef9bcbd1cde8","method":"GET","path":"/login","status":200,"bytes":602,"duration_ms":0,"remote_ip":"::1"}
{"time":"2026-07-28T08:11:58.330002+05:30","level":"INFO","msg":"http request completed","request_id":"dfb4beae7567cc80bf9f1d5f6341d389","method":"GET","path":"/static/fervid-ds.css","status":200,"bytes":93946,"duration_ms":0,"remote_ip":"::1"}
{"time":"2026-07-28T08:11:58.331845+05:30","level":"INFO","msg":"http request completed","request_id":"08f84c0c47a4b3f07efee1e52acd98cb","method":"GET","path":"/static/fervid-logo.svg","status":200,"bytes":11187,"duration_ms":0,"remote_ip":"::1"}
{"time":"2026-07-28T08:11:58.459736+05:30","level":"INFO","msg":"http request completed","request_id":"501cbdce0ca09c119f6f7b0498ff3fc6","method":"POST","path":"/login","status":303,"bytes":0,"duration_ms":55,"remote_ip":"::1"}
{"time":"2026-07-28T08:11:58.4659+05:30","level":"INFO","msg":"http request completed","request_id":"af252df4fe768d8744a0caf274b810e2","method":"GET","path":"/","status":200,"bytes":11130,"duration_ms":4,"remote_ip":"::1"}
{"time":"2026-07-28T08:11:58.469053+05:30","level":"INFO","msg":"http request completed","request_id":"0766516e822f4550b04f34be965a31a7","method":"GET","path":"/static/htmx.min.js","status":200,"bytes":51007,"duration_ms":0,"remote_ip":"::1"}
{"time":"2026-07-28T08:11:58.469063+05:30","level":"INFO","msg":"http request completed","request_id":"efc392a8718b023718a9b207007fcbeb","method":"GET","path":"/static/fervid-app.js","status":200,"bytes":20325,"duration_ms":0,"remote_ip":"::1"}
{"time":"2026-07-28T08:11:58.533588+05:30","level":"INFO","msg":"http request completed","request_id":"3b2d6ee899b6a17ba2f274daf8186545","method":"GET","path":"/grid","status":200,"bytes":342433,"duration_ms":30,"remote_ip":"::1"}
